Div,Date,HomeTeam,AwayTeam,FTHG,FTAG,FTR,HTHG,HTAG,HTR,HS,AS,HST,AST,HF,AF,HC,AC,HY,AY,HR,AR,B365H,B365D,B365A,BWH,BWD,BWA,IWH,IWD,IWA,PSH,PSD,PSA,WHH,WHD,WHA,VCH,VCD,VCA,Bb1X2,BbMxH,BbAvH,BbMxD,BbAvD,BbMxA,BbAvA,BbOU,BbMx>2.5,BbAv>2.5,BbMx<2.5,BbAv<2.5,BbAH,BbAHh,BbMxAHH,BbAvAHH,BbMxAHA,BbAvAHA,PSCH,PSCD,PSCA
N1,10/08/2018,Zwolle,Heerenveen,2,3,A,1,3,A,18,7,4,3,13,11,5,1,2,5,0,1,2.4,3.6,2.7,2.45,3.6,2.75,2.45,3.45,2.65,2.6,3.67,2.66,2.4,3.5,2.6,2.5,3.6,2.7,37,2.6,2.44,3.67,3.51,3,2.71,34,1.7,1.64,2.36,2.22,16,-0.25,2.26,2.17,1.84,1.71,2.93,3.58,2.43
N1,11/08/2018,Ajax,Heracles,1,1,D,0,0,D,17,11,7,2,13,25,12,7,0,3,0,0,1.12,8,19,1.13,8.5,21,1.12,7.9,15.5,1.13,9.33,21.26,1.11,8,15,1.12,9,23,38,1.15,1.13,9.33,8.37,23,18.32,31,1.3,1.28,3.8,3.55,20,-2.5,2.06,1.99,1.91,1.84,1.13,9.75,20.82
N1,11/08/2018,Excelsior,For Sittard,1,1,D,1,0,H,13,18,3,6,12,11,4,8,3,1,1,0,2.1,3.5,3.3,2.15,3.6,3.3,2.05,3.5,3.25,2.11,3.65,3.43,2.05,3.6,3.1,2.1,3.7,3.3,40,2.15,2.09,3.7,3.53,3.43,3.28,34,1.73,1.67,2.21,2.14,19,-0.25,1.88,1.84,2.06,2,2.35,3.5,3.11
N1,11/08/2018,PSV Eindhoven,Utrecht,4,0,H,1,0,H,14,6,10,2,11,12,9,1,2,2,0,0,1.4,5,6.5,1.42,4.75,7.25,1.41,4.7,6.4,1.41,4.9,7.74,1.4,4.8,6,1.4,5,7.5,39,1.45,1.41,5.03,4.76,7.75,6.82,33,1.53,1.5,2.63,2.52,20,-1.25,1.96,1.91,1.97,1.93,1.38,5.06,9.24
N1,11/08/2018,Willem II,VVV Venlo,0,1,A,0,1,A,15,7,6,1,11,18,13,2,2,2,0,0,2.25,3.4,3.1,2.3,3.4,3.1,2.25,3.3,3,2.3,3.52,3.12,2.25,3.5,2.8,2.38,3.4,3,39,2.4,2.29,3.52,3.39,3.15,3.01,36,1.95,1.88,1.98,1.9,20,-0.25,2.07,2.01,1.88,1.83,2.27,3.48,3.27
N1,12/08/2018,AZ Alkmaar,NAC Breda,5,0,H,3,0,H,29,5,12,4,9,9,14,1,0,2,0,0,1.36,4.75,8.5,1.36,5.25,8,1.38,4.85,6.8,1.37,5.18,8.47,1.35,4.8,7,1.36,5.2,8,38,1.41,1.37,5.25,4.94,8.5,7.49,29,1.52,1.48,2.7,2.57,19,-1.25,1.86,1.81,2.08,2.03,1.34,5.91,8.79
N1,12/08/2018,Den Haag,FC Emmen,1,2,A,0,2,A,14,10,5,5,12,20,8,3,2,1,0,0,1.8,4,3.9,1.8,4,4.1,1.77,3.8,3.95,1.79,4.05,4.25,1.75,3.9,3.8,1.8,4,4.1,39,1.88,1.81,4.05,3.82,4.25,3.99,34,1.67,1.62,2.33,2.25,18,-0.75,2.15,2.05,1.84,1.78,1.77,3.9,4.8
N1,12/08/2018,Graafschap,Feyenoord,2,0,H,1,0,H,9,14,5,6,16,15,3,5,2,4,0,2,5,4.33,1.57,4.75,4.33,1.65,4.5,4.1,1.63,4.92,4.25,1.66,4.2,4.33,1.62,4.75,4.3,1.65,39,5,4.68,4.4,4.15,1.69,1.63,34,1.57,1.51,2.7,2.5,19,0.75,2.12,2.03,1.88,1.81,8.17,5.09,1.41
N1,12/08/2018,Vitesse,Groningen,5,1,H,2,1,H,14,11,8,6,15,15,6,1,0,2,0,0,1.57,4,5.5,1.62,4.25,5,1.6,4,4.9,1.62,4.14,5.57,1.57,4.2,4.6,1.6,4.2,5.4,38,1.64,1.6,4.25,4.05,5.57,5.14,33,1.67,1.63,2.28,2.22,20,-1,2.11,2.04,1.87,1.81,1.9,3.64,4.38
N1,17/08/2018,Groningen,Willem II,0,1,A,0,1,A,15,7,4,2,18,11,5,2,1,1,0,0,1.8,3.6,4.33,1.85,3.75,4.1,1.8,3.6,4,1.82,3.9,4.41,1.8,3.7,3.8,1.83,3.8,4.1,42,1.87,1.81,3.9,3.73,4.41,4.12,38,1.77,1.7,2.23,2.13,20,-0.5,1.86,1.83,2.1,2.03,1.81,4.08,4.21
N1,18/08/2018,Heracles,Den Haag,4,2,H,3,2,H,17,19,7,7,13,17,5,10,2,4,0,0,2,3.4,3.75,2.05,3.5,3.6,1.93,3.65,3.45,2,3.84,3.54,2,3.75,3.1,2.05,3.75,3.4,42,2.08,1.99,3.84,3.65,3.75,3.47,36,1.63,1.59,2.39,2.29,19,-0.5,2.06,2.01,1.87,1.84,1.93,4.09,3.74
N1,18/08/2018,NAC Breda,Graafschap,3,0,H,1,0,H,7,7,3,2,9,18,3,4,0,2,0,0,2.14,3.4,3.3,2.2,3.4,3.3,2.2,3.4,3,2.28,3.52,3.17,2.2,3.5,2.88,2.3,3.5,3,42,2.3,2.22,3.63,3.44,3.3,3.07,38,1.77,1.71,2.19,2.11,20,-0.25,2.03,1.96,1.93,1.88,2.28,3.67,3.1
N1,18/08/2018,For Sittard,PSV Eindhoven,1,2,A,0,1,A,10,17,6,8,13,16,5,8,1,1,0,0,10,5.25,1.3,8,5.5,1.35,7.2,5,1.35,9.21,5.54,1.33,8,5.5,1.29,10,5.5,1.3,42,10.02,8.78,5.72,5.31,1.35,1.31,36,1.55,1.5,2.64,2.52,21,1.5,2.02,1.95,1.93,1.88,11.1,6.35,1.27
N1,18/08/2018,VVV Venlo,Ajax,0,1,A,0,0,D,9,18,1,9,8,9,5,7,0,1,0,0,10,5.25,1.28,9.75,5.75,1.3,7.2,5,1.35,9.01,5.57,1.33,9,5,1.29,11,5.5,1.29,42,11,8.97,5.86,5.37,1.35,1.3,35,1.54,1.49,2.64,2.52,21,1.5,2.05,1.99,1.94,1.84,11.96,6.54,1.26
N1,19/08/2018,FC Emmen,AZ Alkmaar,1,4,A,1,3,A,14,16,7,8,10,15,6,3,0,1,0,0,4.75,4,1.66,5.25,3.9,1.67,4.7,4.05,1.6,5.25,4.19,1.64,4.5,4,1.62,4.8,4.2,1.65,41,5.25,4.86,4.26,4.02,1.69,1.63,36,1.6,1.56,2.48,2.36,19,0.75,2.1,2.03,1.86,1.82,6.66,4.78,1.51
N1,19/08/2018,Feyenoord,Excelsior,3,0,H,1,0,H,23,9,6,2,14,8,10,1,0,0,0,0,1.28,5.25,10,1.26,6,11.5,1.26,5.6,9.4,1.26,6.08,12.03,1.22,6,9.5,1.25,6,12,41,1.29,1.26,6.1,5.64,12.03,10.35,35,1.52,1.48,2.68,2.56,19,-1.75,2.04,1.97,1.9,1.86,1.23,7,13.23
N1,19/08/2018,Heerenveen,Vitesse,1,1,D,1,0,H,7,20,3,4,17,15,1,8,3,2,0,0,2.1,3.4,3.4,2.1,3.6,3.4,2.15,3.45,3.05,2.24,3.49,3.25,2.15,3.4,3,2.2,3.6,3.13,41,2.28,2.17,3.63,3.48,3.4,3.13,35,1.67,1.64,2.28,2.2,19,-0.25,1.95,1.9,1.98,1.93,2.67,3.5,2.68
N1,19/08/2018,Utrecht,Zwolle,2,0,H,2,0,H,7,17,2,4,8,14,6,10,2,1,1,0,1.66,4,4.75,1.67,4,5,1.6,4,4.75,1.64,4.22,5.18,1.57,4.2,4.6,1.62,4.1,5.2,41,1.7,1.64,4.22,4,5.2,4.81,36,1.67,1.63,2.28,2.21,19,-1,2.25,2.12,1.8,1.74,1.88,3.74,4.34
N1,24/08/2018,Den Haag,For Sittard,3,1,H,2,0,H,12,14,6,3,10,13,14,10,5,1,0,0,1.9,3.5,4,1.87,3.7,4.1,1.85,3.6,3.8,1.89,3.77,4.15,1.85,3.7,3.6,1.9,3.8,3.8,42,1.94,1.87,3.8,3.67,4.2,3.91,38,1.72,1.67,2.27,2.18,20,-0.5,1.93,1.88,2.01,1.97,1.94,3.57,4.15
N1,25/08/2018,Ajax,FC Emmen,5,0,H,2,0,H,22,6,10,2,10,9,11,1,0,1,0,0,1.1,9,21,1.11,9.5,23,1.1,8.5,18,1.12,9.73,22.3,1.08,9.5,17,1.11,10,21,39,1.13,1.11,10.5,9.3,25,20.34,33,1.3,1.27,3.95,3.58,20,-2.5,2.02,1.95,1.94,1.88,1.09,12.44,26.36
N1,25/08/2018,Graafschap,Groningen,0,1,A,0,1,A,10,12,4,3,10,13,7,3,2,3,0,0,2.9,3.3,2.37,2.95,3.3,2.45,2.7,3.45,2.35,2.84,3.58,2.45,2.7,3.5,2.3,2.75,3.6,2.45,41,2.95,2.76,3.7,3.47,2.6,2.41,35,1.74,1.68,2.23,2.14,18,0,2.11,2.04,1.87,1.81,2.61,3.67,2.65
N1,25/08/2018,NAC Breda,Excelsior,0,2,A,0,1,A,12,10,3,3,7,13,3,3,3,2,0,0,2,3.5,3.6,2.05,3.7,3.4,1.97,3.5,3.5,2,3.68,3.71,1.95,3.6,3.3,2,3.6,3.7,41,2.07,1.99,3.72,3.55,3.75,3.5,37,1.8,1.74,2.17,2.06,18,-0.5,2.05,2,1.9,1.85,1.99,3.73,3.79
N1,25/08/2018,Zwolle,PSV Eindhoven,1,2,A,0,1,A,18,15,5,6,11,8,6,6,1,2,0,0,6,4.5,1.5,6,4.75,1.48,5.4,4.5,1.5,5.99,4.88,1.5,5.5,4.6,1.44,6,4.6,1.5,41,6.13,5.72,5,4.59,1.54,1.49,34,1.53,1.48,2.7,2.55,19,1.25,1.84,1.76,2.19,2.08,6.91,5.2,1.44
N1,26/08/2018,AZ Alkmaar,Vitesse,0,0,D,0,0,D,18,13,3,3,13,14,6,4,3,3,0,0,1.66,4,4.75,1.72,4,4.5,1.67,4.2,4.15,1.7,4.56,4.27,1.62,4.33,4.2,1.67,4.33,4.5,41,1.74,1.68,4.56,4.2,4.75,4.29,35,1.47,1.43,2.85,2.71,19,-1,2.23,2.15,1.75,1.71,1.79,4.24,4.27
N1,26/08/2018,Heerenveen,Feyenoord,3,5,A,0,3,A,13,13,5,6,8,8,5,4,0,0,0,0,4.33,4,1.7,4.2,4,1.78,4.1,3.95,1.7,4.05,4.44,1.76,4,4.2,1.67,4.4,4.1,1.73,41,4.4,4.1,4.44,4.05,1.85,1.74,35,1.64,1.59,2.41,2.28,19,0.75,1.96,1.9,1.98,1.94,4.43,3.89,1.82
N1,26/08/2018,Utrecht,VVV Venlo,1,1,D,1,0,H,21,11,4,2,12,10,3,0,1,1,0,0,1.5,4.33,6,1.53,4.33,6,1.53,4.2,5.2,1.55,4.41,5.93,1.5,4.4,5,1.53,4.4,5.75,41,1.57,1.53,4.47,4.28,6,5.59,35,1.62,1.58,2.38,2.31,20,-1,1.95,1.9,2.02,1.94,1.51,4.4,6.81
N1,26/08/2018,Willem II,Heracles,5,0,H,3,0,H,13,6,7,3,11,14,4,4,2,1,0,0,2.1,3.5,3.3,2.15,3.7,3.2,2.2,3.5,2.9,2.31,3.57,3.05,2.2,3.6,2.8,2.25,3.6,3.1,41,2.31,2.21,3.7,3.54,3.3,3,35,1.63,1.59,2.36,2.28,19,-0.25,2.01,1.95,1.94,1.88,2.21,3.74,3.2
N1,31/08/2018,FC Emmen,Graafschap,1,1,D,0,0,D,26,13,11,6,9,12,13,1,1,3,0,0,2.14,3.5,3.2,2.2,3.6,3.1,2.1,3.55,3.05,2.2,3.75,3.17,2.2,3.7,2.9,2.2,3.7,3.1,40,2.23,2.18,3.75,3.58,3.25,3.1,37,1.72,1.66,2.28,2.2,21,-0.25,1.96,1.92,1.98,1.93,2.32,3.69,2.98
N1,01/09/2018,Excelsior,Den Haag,2,4,A,0,2,A,13,16,4,7,12,14,4,6,1,3,0,0,2.37,3.3,2.9,2.45,3.4,2.9,2.35,3.4,2.75,2.43,3.53,2.9,2.38,3.5,2.75,2.45,3.5,2.88,39,2.5,2.39,3.56,3.42,2.93,2.84,35,1.76,1.7,2.25,2.11,19,-0.25,2.13,2.09,1.81,1.78,2.8,3.58,2.53
N1,01/09/2018,For Sittard,Utrecht,1,1,D,0,0,D,9,14,2,5,13,14,6,6,2,0,0,0,3.75,3.6,1.9,3.75,3.7,1.95,3.6,3.6,1.9,3.83,3.75,1.95,3.6,3.75,1.91,3.75,3.75,1.93,39,3.83,3.67,3.8,3.65,2.05,1.93,34,1.7,1.64,2.28,2.2,18,0.25,2.26,2.18,1.75,1.69,3.56,3.86,2.03
N1,01/09/2018,PSV Eindhoven,Willem II,6,1,H,4,0,H,16,6,10,2,8,11,2,3,0,4,0,0,1.2,6.5,13,1.2,7,13.5,1.2,6.4,11.5,1.2,7.19,15.01,1.18,7,12,1.18,7,15,39,1.21,1.19,7.19,6.72,15.25,12.91,32,1.44,1.38,3.1,2.92,20,-2,1.98,1.94,1.95,1.91,1.25,6.12,14.51
N1,01/09/2018,VVV Venlo,Heerenveen,1,1,D,0,1,A,19,8,4,4,9,15,4,2,1,1,0,0,2.8,3.4,2.4,2.85,3.4,2.45,2.7,3.3,2.45,2.84,3.43,2.54,2.7,3.4,2.45,2.8,3.5,2.45,40,2.85,2.76,3.55,3.38,2.54,2.45,38,1.88,1.81,2.08,1.98,19,0.25,1.78,1.73,2.19,2.12,3.04,3.53,2.38
N1,02/09/2018,Feyenoord,NAC Breda,4,2,H,1,1,D,20,7,8,4,6,12,14,2,1,1,0,0,1.16,7.5,13,1.19,6.75,16,1.17,6.8,14.5,1.16,7.9,19.42,1.12,8,17,1.14,8.5,18,40,1.19,1.16,8.5,7.38,19.5,15.47,34,1.45,1.42,1.9,2.76,21,-2,1.84,1.8,2.1,2.04,1.18,7.94,16.65
N1,02/09/2018,Groningen,Zwolle,0,1,A,0,0,D,14,9,2,6,9,19,6,4,3,4,0,0,2.04,3.5,3.4,2.1,3.6,3.4,2.05,3.55,3.25,2.12,3.62,3.41,2.05,3.7,3.2,2.1,3.6,3.4,38,2.13,2.08,3.71,3.54,3.41,3.29,33,1.71,1.64,2.25,2.19,18,-0.25,1.88,1.83,2.08,2.01,1.92,4.08,3.77
N1,02/09/2018,Heracles,AZ Alkmaar,3,2,H,1,1,D,23,17,14,8,16,12,5,2,4,2,0,0,5.75,4,1.57,4.75,4.5,1.62,4.4,4.3,1.6,4.75,4.47,1.65,4.4,4.5,1.62,4.8,4.5,1.62,40,5.75,4.7,4.57,4.34,1.67,1.61,34,1.4,1.37,3.1,2.98,21,1,1.88,1.83,2.09,2.01,4.25,4.28,1.78
N1,02/09/2018,Vitesse,Ajax,0,4,A,0,3,A,21,16,7,8,14,15,7,5,3,0,0,0,5,4.2,1.6,4.75,4.2,1.65,4.8,4.1,1.6,5.21,4.31,1.62,4.75,4.2,1.62,5.2,4.2,1.62,40,5.21,4.93,4.35,4.13,1.67,1.61,35,1.6,1.56,2.43,2.35,21,1,1.86,1.8,2.12,2.05,5.87,4.65,1.54
N1,15/09/2018,Ajax,Groningen,3,0,H,1,0,H,17,7,5,2,6,16,4,2,2,0,0,0,1.14,7.5,17,1.15,8,17.5,1.15,7.4,15,1.15,8.43,17.99,1.12,8,17,1.13,8.5,22,40,1.16,1.14,8.6,8.02,22,17.08,30,1.38,1.32,3.4,3.27,22,-2.25,1.92,1.88,2.01,1.95,1.12,9.77,22.69
N1,15/09/2018,Den Haag,PSV Eindhoven,0,7,A,0,2,A,5,27,2,10,14,9,3,5,2,0,0,0,5.75,5,1.44,6.25,4.75,1.48,5.8,4.75,1.43,6.43,5.02,1.46,5.8,4.8,1.44,6.25,5,1.45,40,6.51,6.04,5.06,4.78,1.49,1.45,30,1.47,1.441,2.95,2.8,22,1.25,1.93,1.88,2.02,1.96,6.42,4.99,1.48
N1,15/09/2018,Graafschap,VVV Venlo,1,2,A,0,2,A,14,12,2,6,12,18,6,3,2,2,0,0,2.37,3.4,2.87,2.45,3.3,2.95,2.4,3.35,2.75,2.49,3.48,2.85,2.38,3.5,2.75,2.4,3.5,2.88,40,2.5,2.43,3.5,3.37,2.95,2.82,38,1.87,1.81,2.08,1.98,21,0,1.82,1.78,2.13,2.08,2.59,3.5,2.77
N1,15/09/2018,Willem II,Excelsior,2,2,D,0,1,A,21,16,6,4,9,9,13,9,3,3,0,0,1.83,3.6,4.2,1.83,3.6,4.4,1.8,3.6,4.05,1.85,3.68,4.37,1.91,3.6,3.75,1.87,3.75,4,40,1.92,1.85,3.95,3.64,4.4,4.09,38,1.82,1.75,2.17,2.06,21,-0.75,2.21,2.1,1.84,1.75,1.68,4.25,4.96
N1,16/09/2018,AZ Alkmaar,Feyenoord,1,1,D,1,1,D,11,9,3,3,8,10,4,10,1,1,0,0,2.6,3.75,2.4,2.75,3.5,2.5,2.6,3.65,2.35,2.7,3.81,2.46,2.6,3.8,2.38,2.7,3.75,2.45,39,2.75,2.65,3.81,3.65,2.5,2.41,34,1.53,1.48,2.7,2.57,20,0,2.08,2.01,1.88,1.83,2.75,3.96,2.43
N1,16/09/2018,Heerenveen,Heracles,3,5,A,1,1,D,11,10,6,7,15,14,4,3,1,2,0,0,1.72,4,4.33,1.75,3.9,4.5,1.77,3.85,4,1.81,3.86,4.4,1.75,4,4,1.8,4,4.2,39,1.82,1.77,4.01,3.88,4.51,4.2,34,1.58,1.53,2.55,2.45,21,-0.75,2.04,1.98,1.9,1.85,1.9,3.74,4.22
N1,16/09/2018,NAC Breda,For Sittard,2,3,A,1,1,D,14,12,4,4,15,9,6,2,2,2,0,0,2.04,3.4,3.5,2.15,3.6,3.25,2.1,3.5,3.15,2.14,3.67,3.33,2.1,3.7,3.1,2.15,3.6,3.25,39,2.19,2.12,3.7,3.54,3.5,3.24,34,1.69,1.64,2.3,2.21,21,-0.25,1.92,1.87,2.02,1.97,2.48,3.53,2.93
N1,16/09/2018,Utrecht,FC Emmen,1,2,A,1,0,H,15,10,4,2,10,17,4,4,1,4,1,0,1.44,4.5,6.5,1.44,4.75,6.75,1.43,4.5,6.2,1.46,4.62,7.16,1.44,4.75,6,1.4,4.8,7.5,39,1.54,1.43,5,4.6,7.5,6.63,34,1.6,1.53,2.6,2.44,21,-1.25,2,1.93,1.96,1.9,1.46,4.57,7.65
N1,16/09/2018,Zwolle,Vitesse,0,2,A,0,2,A,12,9,6,4,14,14,6,6,1,3,0,0,3.4,3.5,2.04,3.3,3.5,2.15,3.2,3.55,2.05,3.28,3.84,2.1,3.2,3.9,2,3.3,3.6,2.15,39,3.4,3.22,3.9,3.59,2.2,2.1,37,1.77,1.72,2.21,2.09,21,0.25,2.05,1.99,1.89,1.84,3.07,3.76,2.26
N1,21/09/2018,Heracles,Graafschap,4,0,H,1,0,H,27,13,10,4,14,15,11,3,2,1,0,1,1.44,4.5,6.25,1.53,4.5,5.75,1.46,4.6,5.7,1.47,5.02,6.31,1.47,4.75,5.5,1.5,4.6,5.75,37,1.53,1.48,5.02,4.63,6.51,5.89,34,1.51,1.47,2.75,2.58,21,-1.5,2.35,2.27,1.69,1.65,1.56,4.53,5.69
N1,22/09/2018,Excelsior,Heerenveen,3,3,D,2,0,H,12,10,8,5,4,11,6,7,0,1,0,0,2.87,3.4,2.35,3,3.4,2.35,2.75,3.45,2.35,2.9,3.5,2.42,2.75,3.5,2.38,2.88,3.5,2.4,40,3.1,2.87,3.57,3.42,2.46,2.36,37,1.71,1.66,2.3,2.17,20,0.25,1.85,1.8,2.1,2.05,2.91,3.77,2.37
N1,22/09/2018,For Sittard,Willem II,4,4,D,2,2,D,10,12,7,6,10,14,2,10,2,4,0,0,2.3,3.5,2.87,2.4,3.6,2.85,2.4,3.45,2.7,2.49,3.5,2.81,2.38,3.5,2.75,2.4,3.6,2.8,40,2.51,2.4,3.6,3.49,2.87,2.76,35,1.7,1.64,2.28,2.2,20,-0.25,2.17,2.11,1.81,1.74,2.48,3.71,2.74
N1,22/09/2018,Vitesse,Den Haag,1,1,D,1,0,H,15,11,4,3,12,14,3,6,1,2,1,0,1.5,4,7.5,1.53,4.4,6,1.5,4.4,5.5,1.51,4.64,6.03,1.5,4.5,5.5,1.5,4.5,6.25,40,1.53,1.5,4.75,4.44,7.5,5.88,35,1.55,1.5,2.6,2.51,21,-1,1.86,1.81,2.1,2.04,1.53,4.48,6.12
N1,22/09/2018,VVV Venlo,NAC Breda,3,0,H,2,0,H,14,6,5,1,9,16,3,2,0,4,0,1,1.83,3.6,4.2,1.83,3.75,4.2,1.75,3.6,4.25,1.79,3.84,4.43,1.8,3.75,4,1.8,3.75,4.4,40,1.86,1.8,3.84,3.68,4.51,4.22,38,1.94,1.86,2,1.92,20,-0.75,2.08,2.04,1.85,1.81,2.12,3.38,3.7
N1,23/09/2018,FC Emmen,Zwolle,0,1,A,0,1,A,9,12,3,4,14,18,7,7,2,3,0,0,2.7,3.4,2.5,2.7,3.5,2.55,2.65,3.4,2.45,,,,2.62,3.4,2.5,2.7,3.6,2.5,37,2.75,2.66,3.6,3.42,2.55,2.49,33,1.72,1.67,2.28,2.12,18,0.25,1.74,1.7,2.23,2.17,3.05,3.62,2.34
N1,23/09/2018,Feyenoord,Utrecht,1,0,H,0,0,D,23,12,9,1,20,11,4,2,1,0,0,0,1.44,4.33,7,1.48,4.4,7,1.45,4.6,5.8,,,,1.47,4.6,5.8,1.45,4.6,6.5,38,1.5,1.46,4.89,4.56,7,6.12,34,1.5,1.44,2.85,2.65,19,-1,1.76,1.72,2.21,2.14,1.4,5.25,7.45
N1,23/09/2018,Groningen,AZ Alkmaar,1,3,A,1,1,D,8,21,3,11,8,11,3,7,4,3,2,0,3.5,3.8,1.95,3.8,3.7,1.95,3.4,3.75,1.93,,,,3.3,3.75,2,3.6,3.8,1.95,38,3.8,3.51,3.93,3.68,2.02,1.96,34,1.56,1.52,2.55,2.43,18,0.25,2.25,2.14,1.77,1.72,3.54,3.93,2.02
N1,23/09/2018,PSV Eindhoven,Ajax,3,0,H,3,0,H,14,15,8,4,18,12,1,6,3,2,0,0,2.5,3.3,2.8,2.6,3.5,2.6,2.45,3.5,2.6,,,,2.45,3.6,2.6,2.5,3.7,2.63,38,2.61,2.49,3.7,3.49,2.8,2.62,33,1.61,1.59,1.61,1.56,18,-0.25,2.25,2.18,1.75,1.69,2.73,3.79,2.5
N1,29/09/2018,Excelsior,VVV Venlo,1,0,H,1,0,H,9,14,2,4,12,10,3,9,2,1,1,0,2.37,3.4,2.87,2.6,3.3,2.75,2.4,3.15,2.75,2.52,3.28,2.93,2.4,3.3,2.88,2.45,3.4,2.88,40,2.6,2.47,3.4,3.27,2.95,2.83,37,2.04,1.96,1.92,1.82,20,0,1.81,1.78,2.13,2.07,2.32,3.6,3.09
N1,29/09/2018,For Sittard,Ajax,0,2,A,0,0,D,15,17,5,4,12,12,3,8,2,2,0,0,10,6,1.25,10,6.25,1.26,8.5,5.5,1.25,9.4,6.03,1.28,9.5,6,1.25,11,6.25,1.25,40,11,9.5,6.75,6.02,1.29,1.26,35,1.42,1.36,3.25,3.02,21,1.5,2.19,2.13,1.77,1.73,12.25,7.98,1.19
N1,29/09/2018,Heerenveen,Den Haag,1,1,D,1,1,D,11,8,1,2,17,14,2,3,1,3,0,0,1.95,3.75,3.5,2,3.6,3.7,1.9,3.6,3.45,1.96,3.6,3.91,1.95,3.6,3.5,1.93,3.75,3.8,40,2,1.93,3.95,3.67,3.91,3.67,35,1.58,1.51,2.6,2.47,19,-0.75,2.25,2.18,1.76,1.7,2.21,3.66,3.28
N1,29/09/2018,NAC Breda,PSV Eindhoven,0,2,A,0,0,D,10,12,2,4,8,11,4,9,3,4,0,0,12,6.5,1.2,10.5,6.25,1.26,10.5,6,1.2,11.1,6.58,1.23,12,6.5,1.2,13,6.5,1.22,40,13,11.29,7,6.37,1.26,1.23,34,1.45,1.4,3.05,2.83,20,2,1.88,1.81,2.15,2.03,9.72,6.6,1.27
N1,30/09/2018,AZ Alkmaar,Zwolle,2,2,D,1,1,D,15,9,3,3,11,18,9,0,1,3,0,0,1.44,4.75,6,1.45,4.75,6.5,1.4,4.65,5.75,1.45,5.06,6.2,1.44,4.8,6,1.44,5,6.5,39,1.5,1.44,5.25,4.82,6.7,6.12,34,1.45,1.41,3.05,2.82,20,-1.25,2.04,1.92,1.98,1.92,1.32,5.79,8.95
N1,30/09/2018,Feyenoord,Vitesse,2,1,H,0,1,A,19,11,7,5,14,8,9,1,0,2,1,2,1.5,4.5,5.75,1.5,4.6,6,1.5,4.25,5.25,1.52,4.43,6.09,1.53,4.4,5.25,1.53,4.5,5.75,39,1.55,1.51,4.7,4.39,6.09,5.71,35,1.6,1.52,2.55,2.45,22,-1,1.9,1.85,2.05,1.99,1.51,4.39,6.65
N1,30/09/2018,Graafschap,Willem II,2,1,H,1,0,H,24,10,7,4,12,19,10,3,1,5,0,2,3.2,3.5,2.14,3.1,3.5,2.25,2.95,3.4,2.15,3.16,3.56,2.24,3,3.4,2.25,3.1,3.6,2.2,39,3.2,3.05,3.7,3.49,2.35,2.24,35,1.7,1.65,2.3,2.19,19,0,2.35,2.24,1.72,1.66,3.54,3.99,2
N1,30/09/2018,Groningen,Utrecht,1,1,D,0,1,A,15,7,6,2,13,9,4,3,1,3,0,1,2.7,3.5,2.45,2.65,3.5,2.6,2.65,3.35,2.4,2.76,3.53,2.51,2.7,3.5,2.4,2.8,3.5,2.45,39,2.8,2.72,3.6,3.45,2.7,2.47,36,1.82,1.74,2.16,2.06,19,0,2.08,2.02,1.95,1.83,2.92,3.6,2.44
N1,30/09/2018,Heracles,FC Emmen,2,1,H,2,0,H,15,16,6,8,12,10,2,7,2,2,0,0,1.55,4.33,5.5,1.57,4.6,5,1.5,4.25,4.8,1.57,4.45,5.37,1.57,4.4,4.8,1.57,4.5,5.25,39,1.6,1.56,4.7,4.42,5.5,5.16,35,1.5,1.43,2.9,2.73,20,-1,1.98,1.91,1.96,1.92,1.55,4.7,5.53
N1,05/10/2018,Utrecht,NAC Breda,2,1,H,1,0,H,18,9,5,3,6,9,11,2,0,2,0,0,1.5,4.33,6,1.5,4.33,6.5,1.5,4,5.25,1.56,4.17,6.32,1.55,4.2,5.25,1.53,4.33,6,35,1.6,1.54,4.35,4.16,6.5,5.82,34,1.68,1.63,2.33,2.24,19,-1,1.96,1.91,1.97,1.92,1.53,3.99,7.35
N1,06/10/2018,Den Haag,Groningen,1,0,H,1,0,H,9,8,3,3,11,18,6,5,1,2,0,0,2.1,3.6,3.25,2.15,3.5,3.3,2.05,3.45,3.05,2.15,3.58,3.39,2.15,3.5,3.1,2.2,3.6,3.2,35,2.22,2.13,3.69,3.53,3.39,3.21,31,1.65,1.6,2.33,2.27,16,-0.25,1.93,1.87,2.02,1.96,2.14,3.51,3.57
N1,06/10/2018,Graafschap,Heerenveen,0,5,A,0,4,A,8,24,1,14,12,8,1,6,0,0,1,0,3.2,3.5,2.14,3.3,3.5,2.15,3.1,3.45,2.05,3.33,3.69,2.14,3.1,3.6,2.15,3.13,3.75,2.15,35,3.33,3.18,3.75,3.56,2.2,2.13,31,1.67,1.63,2.28,2.21,16,0.25,2.02,1.96,1.93,1.87,3.17,3.6,2.28
N1,06/10/2018,PSV Eindhoven,VVV Venlo,4,0,H,1,0,H,24,3,8,0,7,15,6,1,0,2,0,0,1.14,7.5,17,1.17,7.75,16,1.16,6.25,12.5,1.18,7.18,15.54,1.17,7,15,1.17,7.5,17,35,1.2,1.17,7.75,7.04,17,14.73,30,1.44,1.42,2.95,2.76,18,-2,1.92,1.86,2.02,1.97,1.19,7.03,15.76
N1,06/10/2018,Zwolle,Excelsior,2,0,H,1,0,H,22,5,4,2,11,12,5,5,1,3,0,0,1.8,3.8,4,1.8,3.7,4.4,1.75,3.7,3.85,1.84,3.82,4.24,1.8,3.8,4,1.8,3.9,4.2,35,1.86,1.8,3.95,3.78,4.4,4.09,31,1.62,1.59,2.37,2.28,16,-0.75,2.09,2.03,1.88,1.8,1.88,3.75,4.25
N1,07/10/2018,Ajax,AZ Alkmaar,5,0,H,1,0,H,22,5,11,3,11,14,6,4,2,3,0,0,1.36,5,7.5,1.42,4.75,7.25,1.35,4.95,6,1.41,5.21,6.76,1.42,5,6,1.4,5.4,7,34,1.42,1.39,5.48,5.1,7.5,6.66,32,1.36,1.33,3.45,3.21,17,-1.5,2.07,2.01,1.86,1.82,1.27,6.3,9.98
N1,07/10/2018,FC Emmen,For Sittard,3,3,D,1,0,H,12,12,4,6,17,16,3,3,4,1,0,0,2.25,3.4,3.1,2.4,3.4,2.95,2.25,3.35,2.8,2.39,3.45,3.05,2.3,3.5,2.88,2.38,3.6,2.9,35,2.4,2.32,3.65,3.45,3.1,2.95,32,1.75,1.69,2.23,2.11,16,-0.25,2.06,2.01,1.86,1.82,2.4,3.56,2.99
N1,07/10/2018,Vitesse,Heracles,4,0,H,2,0,H,19,4,6,2,11,16,5,5,1,3,0,0,1.9,3.75,3.6,1.91,3.9,3.7,1.85,3.7,3.45,1.97,3.89,3.65,1.95,3.8,3.4,1.95,4,3.5,34,1.97,1.92,4.02,3.82,3.93,3.61,31,1.55,1.49,2.65,2.53,16,-0.75,2.22,2.15,1.78,1.71,1.76,4.19,4.39
N1,07/10/2018,Willem II,Feyenoord,1,1,D,0,0,D,12,9,4,7,12,9,2,8,4,2,0,0,5.5,4.2,1.55,5,4.4,1.6,4.75,4.1,1.55,5.11,4.43,1.6,4.8,4.4,1.57,5.4,4.4,1.57,34,5.6,5.09,4.5,4.28,1.61,1.58,31,1.57,1.53,2.53,2.43,18,1,1.9,1.86,2.02,1.97,5.86,4.64,1.53
N1,20/10/2018,Excelsior,Vitesse,2,0,H,1,0,H,6,24,1,7,11,12,9,13,0,0,1,0,4,3.75,1.83,4.25,3.7,1.83,3.95,3.8,1.77,3.98,4.19,1.81,4,3.9,1.78,4.1,3.9,1.83,38,4.3,4.05,4.19,3.87,1.85,1.81,36,1.73,1.67,2.3,2.18,19,0.75,1.85,1.8,2.11,2.05,3.82,3.89,1.94
N1,20/10/2018,Heerenveen,Ajax,0,4,A,0,2,A,13,17,4,10,9,12,5,10,2,1,0,0,9.5,6,1.25,10,6.25,1.26,8.9,5.8,1.26,8.34,6.13,1.3,9,6,1.25,10,6,1.29,38,10.5,9.23,6.5,6.02,1.31,1.27,32,1.47,1.41,3.05,2.82,20,1.5,2.2,2.11,1.81,1.75,9.15,6.67,1.27
N1,20/10/2018,PSV Eindhoven,FC Emmen,6,0,H,4,0,H,29,8,15,4,7,9,10,1,3,3,0,0,1.11,9,17,1.12,10,17.5,1.11,8.4,17,1.1,9.95,22.71,1.08,10,19,1.08,10.5,29,38,1.14,1.11,10.97,9.68,29,20.18,32,1.28,1.24,4.2,3.86,19,-2.75,2.16,2.08,1.86,1.77,1.1,10.87,24.92
N1,20/10/2018,Utrecht,AZ Alkmaar,2,1,H,1,1,D,15,13,6,8,7,12,7,4,1,2,0,0,2.7,3.4,2.5,2.65,3.5,2.6,2.5,3.55,2.5,2.6,3.6,2.67,2.55,3.6,2.5,2.6,3.75,2.5,38,2.7,2.57,3.75,3.58,2.67,2.55,34,1.57,1.53,2.55,2.44,18,0.25,1.74,1.68,2.3,2.21,2.45,3.83,2.77
N1,21/10/2018,Feyenoord,Zwolle,3,0,H,2,0,H,17,17,11,5,9,9,7,3,1,0,0,0,1.25,6.5,9,1.22,6.25,13.5,1.25,5.9,9.3,1.27,5.86,10.63,1.24,6,10,1.22,6.5,11.5,36,1.35,1.25,6.5,6.05,13.5,10.53,31,1.43,1.37,3.15,2.99,19,-2,2.2,2.13,1.85,1.73,1.27,6.14,10.79
N1,21/10/2018,For Sittard,Graafschap,3,1,H,1,0,H,22,11,11,3,12,10,4,2,2,2,0,0,1.75,3.8,4.5,1.83,3.8,4.2,1.75,3.8,4.1,1.79,3.99,4.27,1.78,3.9,4,1.8,3.9,4.2,37,1.84,1.79,4.1,3.85,4.5,4.1,35,1.67,1.61,2.38,2.26,18,-0.75,2.12,2.02,1.9,1.82,1.56,4.54,5.58
N1,21/10/2018,Heracles,Groningen,4,1,H,1,1,D,13,11,8,4,6,12,3,1,0,2,0,0,1.9,4,3.4,1.87,3.9,3.8,1.85,3.8,3.6,1.93,3.87,3.83,1.91,3.8,3.5,1.9,4,3.7,37,1.95,1.89,4.1,3.83,4,3.74,32,1.5,1.46,1.72,1.67,18,-0.75,2.17,2.12,1.8,1.74,2.09,3.57,3.65
N1,21/10/2018,NAC Breda,Willem II,2,2,D,1,2,A,6,8,3,3,15,17,1,6,0,0,0,0,2.87,3.4,2.37,2.65,3.5,2.6,2.75,3.3,2.45,2.9,3.28,2.58,2.8,3.4,2.4,2.75,3.5,2.5,37,3,2.77,3.55,3.39,2.6,2.48,36,1.8,1.73,2.19,2.08,18,0.25,1.76,1.72,2.23,2.15,3.03,3.44,2.44
N1,21/10/2018,VVV Venlo,Den Haag,2,0,H,1,0,H,22,12,7,2,13,20,4,3,2,3,0,0,2.37,3.4,2.87,2.4,3.5,2.9,2.35,3.3,2.85,2.44,3.4,3.01,2.45,3.4,2.75,2.45,3.5,2.8,37,2.5,2.38,3.5,3.39,3.01,2.88,35,1.9,1.82,2.05,1.96,18,-0.25,2.14,2.08,1.8,1.77,2.51,3.32,3.01
N1,26/10/2018,FC Emmen,VVV Venlo,1,1,D,0,1,A,28,5,8,2,13,11,9,0,1,2,0,1,2.8,3.4,2.4,2.85,3.4,2.45,2.75,3.25,2.45,2.92,3.44,2.51,2.75,3.4,2.45,2.8,3.4,2.5,37,3.02,2.83,3.5,3.34,2.55,2.46,34,2.01,1.91,1.95,1.88,17,0.25,1.77,1.74,2.2,2.12,2.96,3.43,2.48
N1,27/10/2018,Den Haag,NAC Breda,1,1,D,1,1,D,17,7,4,3,7,14,5,1,0,2,0,0,1.72,3.8,4.5,1.78,3.9,4.33,1.75,3.7,4.2,1.81,3.83,4.38,1.75,3.8,4.2,1.75,3.9,4.5,37,1.85,1.78,3.95,3.8,4.51,4.31,35,1.78,1.71,2.25,2.11,17,-0.75,2.04,1.98,1.91,1.86,1.82,3.92,4.35
N1,27/10/2018,Graafschap,Excelsior,4,1,H,1,1,D,13,14,6,4,19,11,3,3,1,2,0,1,2.6,3.6,2.5,2.55,3.6,2.65,2.55,3.5,2.5,2.63,3.65,2.61,2.5,3.6,2.55,2.6,3.6,2.6,37,2.85,2.58,3.7,3.55,2.65,2.56,33,1.7,1.63,2.35,2.24,17,0.25,1.72,1.67,2.29,2.22,2.63,3.82,2.57
N1,27/10/2018,Groningen,PSV Eindhoven,1,2,A,1,1,D,14,19,3,5,14,9,2,6,3,0,0,0,9,5.75,1.28,10,5.5,1.3,8,5.2,1.31,9.21,5.4,1.32,8,5.5,1.32,9.5,5.5,1.3,37,10.02,8.88,5.75,5.35,1.35,1.31,32,1.51,1.46,2.88,2.63,18,1.5,2,1.95,1.95,1.9,9.1,5.06,1.36
N1,27/10/2018,Zwolle,Heracles,1,1,D,0,1,A,24,8,6,3,10,14,6,6,2,3,0,0,2.1,3.6,3.2,2.25,3.7,3,2.15,3.6,2.95,2.26,3.61,3.14,2.2,3.6,3,2.2,3.8,3,37,2.3,2.19,3.85,3.67,3.2,3.05,32,1.56,1.52,2.6,2.46,18,0,1.68,1.64,2.5,2.31,2.25,3.62,3.22
N1,28/10/2018,Ajax,Feyenoord,3,0,H,2,0,H,28,8,10,2,8,10,13,6,1,2,0,1,1.4,5,6.5,1.42,5.25,6.5,1.41,4.8,6.1,1.44,5.2,6.17,1.4,5,6.5,1.4,5,7.5,36,1.46,1.42,5.4,5.02,7.5,6.45,33,1.5,1.43,2.88,2.7,17,-1,1.7,1.65,2.35,2.27,1.36,4.98,9.26
N1,28/10/2018,AZ Alkmaar,Heerenveen,2,3,A,1,1,D,15,11,7,6,12,12,6,1,2,3,0,0,1.44,4.75,6,1.5,4.75,5.75,1.48,4.65,5.3,1.52,4.85,5.45,1.5,4.6,5.5,1.45,4.8,6.25,36,1.6,1.49,5,4.71,6.25,5.58,34,1.45,1.4,3.05,2.84,18,-1,1.86,1.77,2.16,2.08,1.57,4.71,5.25
N1,28/10/2018,Vitesse,For Sittard,2,1,H,1,1,D,12,10,6,2,13,12,2,7,3,2,0,0,1.44,4.5,6.5,1.48,4.5,6.5,1.46,4.45,5.7,1.49,4.51,6.43,1.47,4.5,5.8,1.45,4.6,7,36,1.6,1.47,4.85,4.48,7,6.23,32,1.55,1.5,2.7,2.5,18,-1,1.86,1.76,2.18,2.09,1.5,4.69,6.22
N1,28/10/2018,Willem II,Utrecht,0,1,A,0,0,D,8,19,0,8,21,10,9,6,2,2,0,0,2.8,3.25,2.5,2.65,3.4,2.65,2.7,3.35,2.45,2.83,3.47,2.53,2.62,3.4,2.5,2.7,3.5,2.55,36,2.88,2.71,3.55,3.4,2.8,2.52,33,1.84,1.77,2.1,2.01,17,0.25,1.75,1.7,2.25,2.17,3.09,3.45,2.4
N1,02/11/2018,Excelsior,Groningen,2,4,A,1,2,A,10,15,4,8,8,10,3,5,1,0,0,0,2.54,3.5,2.6,2.65,3.5,2.6,2.55,3.4,2.55,2.64,3.54,2.71,2.55,3.5,2.55,2.63,3.5,2.6,37,2.77,2.59,3.6,3.45,2.73,2.62,36,1.75,1.71,2.3,2.12,18,-0.25,2.29,2.23,1.7,1.67,2.68,3.56,2.66
N1,03/11/2018,Ajax,Willem II,2,0,H,2,0,H,21,3,10,0,7,10,5,1,0,1,0,0,1.08,11,21,1.1,10,23,1.1,8.1,20,1.09,10.84,27.21,1.06,11,26,1.07,12,31,37,1.11,1.08,12,10.46,36,25.43,32,1.3,1.26,4,3.67,18,-2.5,1.81,1.77,2.15,2.09,1.07,13.1,33.81
N1,03/11/2018,AZ Alkmaar,Graafschap,1,0,H,0,0,D,18,3,6,0,9,9,7,1,1,0,0,0,1.2,7,11,1.25,6.5,10.5,1.21,6.5,9.6,1.25,6.47,10.32,1.24,6,10,1.25,6.5,10.5,37,1.3,1.23,7.5,6.52,12,10.38,32,1.3,1.25,4.15,3.77,20,-2,2.02,1.95,1.96,1.89,1.2,7.65,11.95
N1,03/11/2018,NAC Breda,Heracles,2,1,H,1,0,H,9,21,2,5,10,8,6,4,1,2,0,0,2.87,3.6,2.3,2.85,3.5,2.4,2.75,3.45,2.35,2.9,3.53,2.45,2.75,3.5,2.4,2.88,3.5,2.4,37,2.95,2.84,3.65,3.47,2.55,2.38,34,1.7,1.65,2.3,2.2,18,0.25,1.83,1.79,2.12,2.07,2.9,3.66,2.42
N1,03/11/2018,PSV Eindhoven,Vitesse,1,0,H,0,0,D,14,7,6,1,17,10,7,2,2,2,0,1,1.3,5.75,8.5,1.3,5.5,10,1.31,5.3,7.9,1.31,5.5,9.35,1.32,5.5,8,1.3,5.75,9.5,36,1.35,1.31,6,5.47,11,8.76,32,1.5,1.44,2.88,2.69,19,-1.5,1.95,1.88,2.02,1.96,1.36,5.07,9.02
N1,04/11/2018,For Sittard,Zwolle,3,0,H,1,0,H,17,10,6,4,11,12,12,3,1,2,0,0,2.62,3.5,2.5,2.55,3.6,2.6,2.55,3.55,2.45,2.71,3.69,2.52,2.6,3.5,2.5,2.63,3.6,2.55,36,2.71,2.6,3.75,3.56,2.65,2.53,33,1.65,1.6,2.4,2.29,17,0,2.01,1.95,1.96,1.89,2.77,3.68,2.51
N1,04/11/2018,Heerenveen,FC Emmen,1,1,D,1,0,H,17,17,6,6,11,13,3,2,2,1,0,0,1.5,4.33,6,1.53,4.5,5.75,1.53,4.3,5.3,1.55,4.32,5.87,1.53,4.4,5.25,1.53,4.5,5.75,36,1.6,1.54,4.65,4.38,6,5.54,33,1.6,1.54,2.55,2.43,20,-1,1.95,1.89,2.02,1.95,1.63,4.08,5.64
N1,04/11/2018,Utrecht,Den Haag,3,0,H,1,0,H,14,11,5,5,15,9,5,6,3,2,0,0,1.57,4,5.5,1.62,4.2,5.25,1.57,4.05,5,1.61,4.3,5.26,1.6,4.2,4.8,1.6,4.2,5.4,35,1.7,1.6,4.4,4.13,5.5,5.14,33,1.7,1.65,2.3,2.2,20,-1,2.1,2.03,1.9,1.82,1.49,4.93,6.01
N1,09/11/2018,Zwolle,Willem II,2,3,A,0,2,A,20,5,7,3,14,12,7,1,2,1,0,0,2,3.6,3.5,1.95,3.7,3.75,1.9,3.6,3.65,1.96,3.66,3.99,1.95,3.6,3.6,1.93,3.75,3.75,37,2.03,1.94,3.8,3.65,4,3.73,36,1.73,1.67,2.3,2.18,18,-0.75,2.27,2.2,1.72,1.69,1.96,3.68,3.96
N1,10/11/2018,FC Emmen,NAC Breda,2,0,H,0,0,D,19,7,8,3,9,16,9,1,1,2,0,0,2.1,3.5,3.3,2.2,3.5,3.2,2.1,3.45,3.2,2.14,3.63,3.39,2.15,3.5,3.1,2.15,3.6,3.25,37,2.25,2.15,3.7,3.52,3.45,3.23,35,1.81,1.75,2.15,2.06,19,-0.25,1.92,1.87,2.03,1.97,1.93,3.9,3.89
N1,10/11/2018,Graafschap,PSV Eindhoven,1,4,A,1,2,A,10,22,2,7,9,7,5,5,1,0,0,0,12,6,1.22,11.5,7,1.22,10.5,6.5,1.2,11.26,6.86,1.22,11,7,1.2,15,7,1.18,37,15,11.49,7.5,6.81,1.25,1.21,32,1.35,1.31,3.6,3.37,21,2,1.99,1.93,1.97,1.91,12.9,7.67,1.2
N1,10/11/2018,Vitesse,Utrecht,2,1,H,0,0,D,17,13,5,7,7,14,5,7,1,3,0,0,2,3.4,3.7,2,3.7,3.6,1.95,3.55,3.5,2.01,3.69,3.68,2,3.6,3.4,2,3.7,3.5,36,2.05,2,3.8,3.63,3.75,3.54,34,1.75,1.69,2.25,2.14,19,-0.25,1.78,1.74,2.19,2.12,2.29,3.37,3.35
N1,10/11/2018,VVV Venlo,For Sittard,3,2,H,2,1,H,11,17,6,5,22,9,2,7,2,1,0,0,2,3.6,3.5,2,3.5,3.8,1.97,3.45,3.5,2.04,3.49,3.82,2.05,3.5,3.4,2.05,3.6,3.5,36,2.07,2.02,3.7,3.51,3.82,3.6,35,1.8,1.74,2.17,2.07,19,-0.25,1.81,1.75,2.19,2.11,2.4,3.44,3.09
N1,11/11/2018,Den Haag,AZ Alkmaar,0,1,A,0,0,D,6,8,0,2,13,10,7,3,3,1,0,0,4.5,3.7,1.75,4.2,3.9,1.8,3.95,3.9,1.77,4.22,3.98,1.81,3.8,4,1.8,4,4.1,1.8,36,4.5,4.02,4.2,3.95,1.85,1.79,32,1.55,1.5,2.7,2.52,18,0.75,1.89,1.84,2.07,2,4.07,3.84,1.9
N1,11/11/2018,Excelsior,Ajax,1,7,A,0,2,A,13,29,3,12,5,4,2,15,3,0,0,0,13,7,1.18,15,8,1.17,14.5,7.4,1.15,15.97,8,1.15,17,8,1.12,21,8.5,1.13,36,21,15.7,9,7.87,1.2,1.15,32,1.36,1.32,3.5,3.29,19,2.5,1.81,1.75,2.2,2.12,19.84,9.76,1.12
N1,11/11/2018,Groningen,Heerenveen,2,0,H,2,0,H,11,4,5,2,10,12,3,1,1,2,0,0,2.25,3.4,3.1,2.3,3.7,2.9,2.2,3.5,2.95,2.29,3.62,3.08,2.25,3.5,2.9,2.25,3.7,3,36,2.35,2.26,3.7,3.54,3.1,2.97,34,1.75,1.67,2.25,2.17,18,-0.25,2.05,1.97,1.93,1.87,2.22,3.79,3.16
N1,11/11/2018,Heracles,Feyenoord,0,2,A,0,0,D,15,16,3,7,8,12,5,6,2,1,0,0,5,4,1.61,4.75,4.33,1.65,4.55,4.1,1.63,4.86,4.22,1.66,4.5,4.33,1.63,4.75,4.3,1.65,36,5,4.74,4.45,4.17,1.73,1.64,32,1.56,1.51,2.65,2.5,20,1,1.84,1.78,2.17,2.07,4.71,4.04,1.74
N1,24/11/2018,For Sittard,Heracles,3,0,H,2,0,H,15,14,9,3,10,8,3,4,0,0,0,0,2.37,3.4,2.87,2.4,3.5,2.85,2.4,3.6,2.6,2.52,3.59,2.76,2.4,3.5,2.7,2.4,3.7,2.75,37,2.6,2.42,3.8,3.59,2.87,2.71,33,1.55,1.5,2.66,2.52,20,-0.25,2.19,2.11,1.81,1.74,2.23,3.75,3.16
N1,24/11/2018,NAC Breda,Ajax,0,3,A,0,1,A,5,16,3,5,7,6,2,7,4,1,0,0,17,8.5,1.12,23,9.75,1.11,19,8.7,1.1,19.2,9.61,1.12,23,9.5,1.08,17,10,1.12,37,26,20.71,11,9.4,1.13,1.1,31,1.3,1.25,4,3.75,21,2.5,2.11,2.02,1.9,1.83,18.65,9.07,1.14
N1,24/11/2018,PSV Eindhoven,Heerenveen,3,0,H,1,0,H,28,4,11,0,8,9,6,2,0,2,0,1,1.18,7,13,1.19,7,15,1.17,6.8,12.5,1.19,7.1,14.2,1.15,7,17,1.18,7,18,37,1.2,1.18,8,7.08,18,14.09,33,1.41,1.36,3.3,3.04,21,-2,1.87,1.82,2.22,2.02,1.17,7.75,15.97
N1,24/11/2018,Zwolle,Den Haag,2,3,A,2,2,D,13,14,4,8,13,8,7,6,1,2,0,0,1.9,3.6,3.75,1.91,3.75,3.8,1.83,3.7,3.85,1.85,3.86,4.12,1.85,3.7,3.9,1.87,3.75,4,36,1.93,1.87,3.86,3.71,4.12,3.87,34,1.75,1.68,2.25,2.14,20,-0.75,2.23,2.12,1.8,1.74,1.85,3.66,4.54
N1,25/11/2018,FC Emmen,Excelsior,1,2,A,0,0,D,17,9,3,3,14,8,10,6,1,1,0,0,1.95,3.6,3.75,1.95,3.7,3.75,1.95,3.55,3.5,2.02,3.65,3.71,2,3.5,3.5,2.1,3.6,3.4,37,2.11,1.99,3.8,3.59,3.77,3.55,36,1.75,1.7,2.23,2.13,20,-0.25,1.84,1.74,2.19,2.11,2.1,3.6,3.61
N1,25/11/2018,Feyenoord,Groningen,1,0,H,1,0,H,14,10,7,3,12,10,12,2,1,2,0,0,1.28,6,8,1.28,5.75,10.5,1.3,5.3,8.4,1.29,5.46,10.86,1.27,5.25,11,1.29,5.75,10,37,1.35,1.29,6,5.5,11,9.69,32,1.51,1.46,2.76,2.63,21,-1.5,1.9,1.84,2.05,2,1.31,5.34,10.99
N1,25/11/2018,Utrecht,Graafschap,5,0,H,3,0,H,22,5,6,2,14,16,4,1,0,2,0,0,1.25,5.5,12,1.26,6,11,1.27,5.6,8.7,1.28,5.66,10.52,1.25,5.5,11,1.25,6,11,37,1.35,1.27,6.25,5.72,12,10.03,32,1.44,1.39,3.1,2.89,22,-1.5,1.86,1.76,2.19,2.1,1.25,6.34,11.22
N1,25/11/2018,VVV Venlo,AZ Alkmaar,2,2,D,1,2,A,9,17,3,7,10,13,8,9,4,0,1,0,4.2,4,1.75,4.33,3.8,1.8,4.2,3.7,1.75,4.44,3.79,1.81,4.33,3.75,1.75,4.4,3.9,1.75,36,4.5,4.27,4,3.75,1.92,1.78,34,1.75,1.7,2.2,2.13,20,0.75,1.88,1.84,2.06,1.99,4.07,3.71,1.93
N1,25/11/2018,Willem II,Vitesse,1,3,A,0,3,A,8,11,4,7,8,8,0,5,2,2,0,0,3.4,3.5,2.04,3.3,3.7,2.1,3.25,3.45,2.05,3.43,3.52,2.16,3.3,3.4,2.1,3.4,3.6,2.1,37,3.6,3.34,3.7,3.5,2.16,2.1,36,1.78,1.73,2.17,2.08,20,0.25,2.06,2.01,1.87,1.83,3.36,3.51,2.23
N1,30/11/2018,Excelsior,Utrecht,3,3,D,3,0,H,11,22,4,9,10,14,2,6,1,5,0,1,5.75,4,1.55,5.5,4.1,1.6,5.1,4.3,1.53,5.16,4.72,1.58,5.25,4.4,1.53,5.5,4.5,1.55,33,5.75,5.18,4.72,4.36,1.62,1.57,32,1.65,1.58,2.48,2.32,19,1,1.95,1.88,2.01,1.94,5.22,4.9,1.56
N1,01/12/2018,AZ Alkmaar,Willem II,0,2,A,0,2,A,16,8,7,4,8,14,7,1,2,2,0,0,1.4,5,6.5,1.4,5.25,6.75,1.37,4.95,6.7,1.4,5.08,7.33,1.36,5,7.5,1.36,5.2,8,36,1.43,1.39,5.5,5.01,8,7.05,32,1.5,1.44,1.86,2.68,21,-1.5,2.12,2.05,1.85,1.8,1.35,6.15,7.07
N1,01/12/2018,Graafschap,Zwolle,0,2,A,0,1,A,4,26,0,9,15,8,3,7,4,3,1,0,3.75,3.6,1.9,3.7,3.8,1.95,3.65,3.8,1.85,3.8,4.01,1.89,3.6,3.8,1.88,3.75,3.9,1.9,36,3.85,3.68,4.05,3.83,1.95,1.89,34,1.6,1.56,2.5,2.38,18,0.25,2.31,2.24,1.71,1.67,3.58,3.85,2.03
N1,01/12/2018,Heerenveen,For Sittard,3,1,H,1,0,H,18,15,9,5,10,14,7,1,1,3,0,0,2,3.6,3.5,2,3.75,3.5,2,3.65,3.25,2.09,3.7,3.45,2,3.7,3.3,2.05,3.8,3.3,36,2.09,2,3.9,3.7,3.7,3.42,31,1.55,1.51,2.65,2.49,18,-0.25,1.82,1.78,2.16,2.07,2.36,3.45,3.15
N1,01/12/2018,Vitesse,FC Emmen,1,1,D,1,0,H,24,7,8,4,12,15,10,1,1,5,0,0,1.44,4.75,6,1.4,5,7.25,1.4,4.65,6.5,1.42,4.77,7.36,1.38,4.75,7.5,1.4,5,7.5,36,1.45,1.4,5.1,4.86,7.5,7.08,34,1.55,1.5,2.7,2.52,21,-1.5,2.19,2.11,1.8,1.75,1.43,4.54,8.38
N1,02/12/2018,Ajax,Den Haag,5,1,H,3,1,H,31,8,12,3,11,10,19,3,0,0,0,0,1.08,11,21,1.08,12.5,23,1.06,9.9,25,1.08,11.62,31.18,1.04,11,46,1.06,12,51,35,1.09,1.07,12.75,11.49,51,29.4,31,1.25,1.23,4.35,3.97,20,-3,2.08,2,1.9,1.85,1.08,12,31.15
N1,02/12/2018,Feyenoord,PSV Eindhoven,2,1,H,2,0,H,14,12,5,5,17,12,6,4,2,2,0,0,3.2,3.4,2.2,3.1,3.5,2.25,3,3.45,2.2,3.23,3.47,2.27,3.1,3.4,2.2,3,3.5,2.3,35,3.23,3.08,3.65,3.45,2.32,2.23,33,1.7,1.63,2.35,2.24,19,0.25,1.95,1.88,2.02,1.96,2.94,3.6,2.42
N1,02/12/2018,Groningen,NAC Breda,5,2,H,1,1,D,19,6,9,3,7,13,5,1,1,0,0,0,1.5,4.2,6,1.57,4,6.25,1.53,4.15,5.3,1.57,4.43,5.49,1.5,4.2,6,1.53,4.33,6.25,36,1.61,1.56,4.5,4.22,6.25,5.54,36,1.75,1.68,2.25,2.16,22,-1,2.06,1.92,2.01,1.92,1.56,4.44,5.77
N1,02/12/2018,Heracles,VVV Venlo,4,1,H,1,0,H,22,9,8,4,4,10,14,1,0,0,0,0,1.95,3.6,3.6,1.85,3.8,4,1.9,3.55,3.65,1.98,3.59,3.91,1.91,3.4,3.9,1.93,3.7,3.8,35,1.98,1.93,3.8,3.59,4,3.79,32,1.75,1.67,2.25,2.15,18,-0.75,2.28,2.22,1.75,1.69,1.72,4.25,4.52
N1,06/12/2018,Feyenoord,VVV Venlo,4,1,H,2,0,H,27,3,9,1,5,8,13,0,0,0,0,0,1.22,6,12,1.26,6.25,10.5,1.22,5.9,11,1.23,6.26,12.34,1.2,6,15,1.2,6.5,15,35,1.26,1.23,6.75,6.18,15,12.15,29,1.55,1.5,2.7,2.52,21,-2,2.2,2.13,1.8,1.74,1.2,7.27,14.06
N1,07/12/2018,For Sittard,AZ Alkmaar,0,3,A,0,1,A,15,8,4,6,13,11,5,7,4,2,0,0,4.33,4,1.72,4.2,4.1,1.75,3.9,4,1.75,4.13,4.24,1.79,4,4,1.75,4.2,4.2,1.75,34,4.33,4.05,4.3,4.04,1.86,1.77,31,1.5,1.45,2.85,2.68,18,1,1.7,1.63,2.43,2.31,4,4.32,1.81
N1,07/12/2018,PSV Eindhoven,Excelsior,6,0,H,2,0,H,23,2,8,0,10,11,8,1,1,3,0,0,1.08,10,23,1.08,11.5,26,1.1,8.1,20,1.09,11.66,27.58,1.05,11,36,1.06,13,41,33,1.1,1.07,13.68,11.35,41,27.25,30,1.22,1.19,5,4.43,19,-3,2.12,1.96,1.95,1.88,1.09,11.66,27.58
N1,08/12/2018,Den Haag,Graafschap,0,0,D,0,0,D,16,9,3,5,10,13,4,3,1,2,0,0,1.5,4.5,6,1.53,4.4,6,1.48,4.4,5.6,1.52,4.48,6.1,1.47,4.4,6,1.5,4.6,6,37,1.6,1.5,4.75,4.45,6.35,5.88,32,1.55,1.5,2.7,2.53,22,-1,1.9,1.81,2.12,2.05,1.51,4.83,5.89
N1,08/12/2018,Willem II,Heerenveen,1,5,A,1,2,A,5,20,1,11,9,13,0,14,2,2,1,0,2.2,3.4,3.2,2.3,3.4,3.1,2.15,3.5,3,2.24,3.63,3.17,2.15,3.5,3.1,2.2,3.7,3.1,37,2.4,2.22,3.7,3.53,3.2,3.05,33,1.7,1.64,2.31,2.21,20,-0.25,2.01,1.93,1.96,1.91,2.22,3.66,3.25
N1,08/12/2018,Zwolle,Ajax,1,4,A,1,2,A,16,14,7,6,14,7,4,7,2,3,0,0,15,6.5,1.18,13,7,1.2,12,6.8,1.18,13.05,7.1,1.2,15,6.5,1.18,15,7,1.18,36,16,13.33,7.75,6.97,1.21,1.19,31,1.37,1.33,3.45,3.25,21,2,2.17,2,1.92,1.86,11.62,7.55,1.21
N1,09/12/2018,FC Emmen,Feyenoord,1,4,A,0,0,D,12,32,6,12,12,8,4,10,3,0,0,0,7,4.75,1.4,7.5,5,1.4,6.6,4.9,1.38,6.8,5.03,1.42,7.5,5,1.36,8,5.2,1.36,36,8,7.11,5.25,4.97,1.53,1.39,31,1.51,1.47,2.8,2.61,21,1.5,1.86,1.79,2.17,2.06,7.59,4.59,1.45
N1,09/12/2018,NAC Breda,Vitesse,2,1,H,1,0,H,11,15,4,4,9,13,4,9,1,2,0,1,5.5,4,1.57,5,4,1.67,5,3.9,1.6,5.32,4.12,1.63,5.25,3.9,1.6,5.5,4,1.62,35,5.5,5.16,4.2,3.97,1.68,1.62,33,1.8,1.74,2.17,2.07,21,1,1.85,1.76,2.23,2.1,5.45,4.02,1.65
N1,09/12/2018,Utrecht,Heracles,3,1,H,3,0,H,12,14,5,3,11,12,4,4,1,2,0,0,1.53,4.33,5.5,1.62,4.25,5,1.57,4.2,4.8,1.6,4.31,5.31,1.55,4.2,5.25,1.57,4.4,5.25,35,1.72,1.6,4.5,4.23,5.5,5.09,31,1.5,1.45,2.83,2.66,21,-1,2.1,1.98,1.93,1.87,1.62,4.18,5.57
N1,09/12/2018,VVV Venlo,Groningen,0,0,D,0,0,D,12,10,6,4,10,19,4,6,2,1,0,0,2.7,3.4,2.5,2.7,3.4,2.6,2.65,3.3,2.5,2.79,3.45,2.58,2.7,3.3,2.5,2.7,3.5,2.55,35,2.79,2.68,3.5,3.37,2.8,2.57,32,1.9,1.82,2.05,1.97,19,0.25,1.75,1.68,2.33,2.22,3.12,3.44,2.38
N1,14/12/2018,Willem II,Den Haag,0,3,A,0,1,A,8,7,3,4,7,18,2,1,2,3,0,0,2.04,3.5,3.4,2.05,3.6,3.5,2.1,3.4,3.2,2.18,3.54,3.44,2.1,3.4,3.3,2.15,3.5,3.3,35,2.28,2.13,3.64,3.47,3.5,3.33,33,1.75,1.69,2.25,2.15,18,-0.25,1.91,1.86,2.04,1.99,2.3,3.42,3.29
N1,15/12/2018,AZ Alkmaar,Excelsior,2,1,H,1,1,D,29,7,12,3,9,6,23,3,1,1,0,0,1.18,6.5,15,1.22,6.75,11.5,1.22,6.3,10,1.23,6.51,11.2,1.22,6,12,1.22,6.5,13,35,1.3,1.23,7,6.42,15,11.14,28,1.35,1.31,3.55,3.33,21,-2,2.12,2,1.9,1.85,1.19,7.51,13.7
N1,15/12/2018,Heracles,PSV Eindhoven,0,4,A,0,2,A,12,16,1,8,14,14,2,3,4,1,2,0,8,4.75,1.36,7.25,5,1.4,6.5,4.95,1.38,6.84,5.03,1.42,7.5,5,1.36,7.5,5.2,1.4,35,8.5,7.05,5.5,5.04,1.42,1.39,28,1.47,1.42,2.9,2.76,21,1.5,1.85,1.8,2.1,2.04,7.43,5.43,1.38
N1,15/12/2018,Vitesse,VVV Venlo,2,1,H,1,0,H,17,11,4,1,10,19,13,2,3,2,0,0,1.36,4.5,9,1.4,4.6,8.25,1.4,4.5,7.2,1.4,4.66,8.25,1.35,4.75,8.5,1.36,5,8.5,35,1.45,1.39,5,4.68,9,7.95,31,1.65,1.6,2.45,2.3,21,-1.5,2.19,2.12,1.8,1.75,1.42,4.58,8.5
N1,15/12/2018,Zwolle,NAC Breda,0,0,D,0,0,D,16,13,5,3,7,15,4,7,2,2,0,0,1.6,4,5.5,1.62,3.9,5.75,1.67,3.8,4.65,1.69,3.79,5.3,1.62,3.8,5.25,1.65,4.1,5,35,1.7,1.66,4.1,3.86,5.75,5.08,32,1.7,1.64,2.35,2.22,21,-1,2.27,2.18,1.77,1.71,1.63,4.06,5.66
N1,16/12/2018,Ajax,Graafschap,8,0,H,3,0,H,35,3,17,2,3,11,14,2,0,1,0,0,1.05,13,29,1.02,19.5,51,1.02,13,39,1.04,18.64,47.24,1.02,15,71,1.03,17,71,30,1.05,1.03,20,16.24,71,45.45,25,1.14,1.13,6.5,5.52,17,-3.5,1.88,1.81,2.09,2.02,1.04,20.6,54.14
N1,16/12/2018,Feyenoord,For Sittard,0,2,A,0,0,D,26,11,8,4,9,12,9,4,1,0,0,0,1.22,5.75,13,1.22,6.25,14.5,1.21,6.2,10.5,1.21,6.67,12.46,1.2,6.5,12,1.22,6.5,13,34,1.27,1.22,8.25,6.4,14.5,11.99,29,1.4,1.36,3.2,3.07,20,-2,2.17,2.04,1.9,1.8,1.27,6.32,10.12
N1,16/12/2018,Groningen,FC Emmen,1,2,A,0,0,D,11,13,5,3,7,6,5,6,1,1,0,0,1.57,4,5.5,1.62,4.1,5.25,1.6,3.95,4.95,1.64,3.95,5.54,1.57,4.2,5.25,1.6,4.3,5.2,34,1.65,1.6,4.3,4.05,5.8,5.31,30,1.65,1.6,2.4,2.28,20,-1,2.11,2.03,1.86,1.83,1.66,3.92,5.56
N1,16/12/2018,Heerenveen,Utrecht,2,3,A,0,3,A,10,9,6,3,14,8,5,7,0,2,0,0,3.2,3.4,2.2,2.95,3.6,2.3,2.95,3.5,2.2,3.06,3.64,2.29,3,3.5,2.2,3,3.7,2.25,34,3.2,3,3.7,3.53,2.35,2.25,31,1.67,1.63,2.35,2.24,18,0.25,1.95,1.88,2.01,1.97,3.1,3.53,2.35
N1,21/12/2018,VVV Venlo,Zwolle,2,0,H,1,0,H,19,8,6,1,13,12,5,6,2,1,0,1,2.45,3.4,2.75,2.45,3.5,2.8,2.45,3.35,2.7,2.54,3.54,2.82,2.45,3.4,2.7,2.5,3.5,2.75,35,2.55,2.48,3.54,3.43,2.86,2.75,32,1.85,1.8,2.1,2.01,20,-0.25,2.2,2.15,1.77,1.73,2.85,3.52,2.53
N1,22/12/2018,Excelsior,Heracles,0,3,A,0,2,A,13,22,4,6,12,9,2,5,1,1,0,0,2.87,3.75,2.2,2.95,3.5,2.3,2.8,3.6,2.25,2.96,3.73,2.32,2.8,3.6,2.3,2.8,3.75,2.38,35,2.96,2.86,3.8,3.63,2.55,2.3,32,1.53,1.48,2.75,2.59,19,0.25,1.9,1.83,2.08,2.02,3.09,3.94,2.2
N1,22/12/2018,For Sittard,Groningen,0,0,D,0,0,D,13,15,4,5,7,15,6,7,1,2,1,0,2.2,3.5,3.1,2.25,3.7,3,2.25,3.5,2.85,2.34,3.58,3.03,2.25,3.5,2.9,2.3,3.6,3,32,2.35,2.27,3.75,3.54,3.2,2.97,29,1.7,1.63,2.4,2.26,19,-0.25,2.05,1.99,1.92,1.86,2.25,3.62,3.22
N1,22/12/2018,NAC Breda,Heerenveen,4,2,H,1,2,A,32,8,12,4,11,7,8,1,2,2,0,2,3,3.5,2.25,3,3.5,2.3,2.9,3.4,2.25,3.07,3.61,2.3,3,3.4,2.25,3,3.6,2.3,34,3.07,2.98,3.61,3.49,2.52,2.29,32,1.75,1.68,2.25,2.16,18,0,2.28,2.2,1.75,1.7,2.8,3.48,2.59
N1,22/12/2018,PSV Eindhoven,AZ Alkmaar,3,1,H,1,1,D,14,11,8,4,8,14,4,8,4,5,0,0,1.36,5.25,7,1.36,5.25,8,1.4,4.95,6.4,1.39,5.15,7.27,1.36,5.25,7,1.4,5.4,7,34,1.42,1.38,5.5,5.15,9,7.1,31,1.4,1.36,3.3,3.05,21,-1.5,2.09,2.03,1.9,1.83,1.36,5.49,7.88
N1,23/12/2018,Den Haag,Feyenoord,2,2,D,1,1,D,13,14,5,6,6,10,9,9,1,3,0,1,5,4.33,1.57,5.5,4.1,1.6,4.95,4.15,1.57,5.24,4.3,1.61,5.25,4.2,1.55,5.2,4.33,1.6,34,5.5,5.17,4.45,4.2,1.7,1.59,31,1.6,1.53,2.55,2.43,21,1,1.91,1.86,2.05,1.99,6.43,5.06,1.45
N1,23/12/2018,FC Emmen,Willem II,0,2,A,0,1,A,11,10,2,3,13,8,6,3,0,0,0,0,2.4,3.4,2.8,2.4,3.5,2.85,2.35,3.4,2.75,2.49,3.47,2.88,2.38,3.5,2.75,2.4,3.6,2.8,35,2.75,2.43,3.65,3.46,2.88,2.79,32,1.75,1.67,2.27,2.17,19,-0.25,2.16,2.11,1.8,1.75,2.52,3.57,2.82
N1,23/12/2018,Graafschap,Vitesse,2,2,D,1,1,D,14,21,5,7,15,10,6,4,2,4,0,0,6.5,4.5,1.44,7,4.4,1.48,6,4.45,1.45,6.36,4.68,1.48,7,4.5,1.42,7,4.75,1.44,33,7.75,6.62,4.95,4.57,1.48,1.45,30,1.6,1.55,2.52,2.4,20,1,2.23,2.17,1.76,1.72,5.94,4.34,1.56
N1,23/12/2018,Utrecht,Ajax,1,3,A,0,1,A,8,17,2,7,12,8,5,9,2,2,0,0,9.5,5.25,1.3,8.25,5.25,1.35,7.3,5.4,1.32,8.03,5.46,1.34,8.5,5.5,1.3,9,5.75,1.3,35,9.5,8.23,6,5.46,1.35,1.33,33,1.4,1.34,3.4,3.18,21,1.5,2.05,1.99,1.92,1.86,8.1,5.55,1.35
N1,18/01/2019,Vitesse,Excelsior,3,2,H,2,0,H,16,9,9,2,11,9,7,3,2,1,0,0,1.3,5.5,9,1.3,5.75,9.25,1.3,5.2,8.1,1.34,5.42,9.07,1.3,5,9.5,1.3,5.5,10,34,1.36,1.31,5.75,5.42,10,8.96,33,1.55,1.49,2.75,2.58,20,-1.5,1.94,1.89,2.01,1.95,1.34,6,7.78
N1,19/01/2019,AZ Alkmaar,Utrecht,3,0,H,2,0,H,10,14,3,4,21,8,4,5,0,3,0,0,1.9,3.8,3.6,1.95,3.8,3.7,1.9,3.75,3.5,2.01,3.71,3.68,1.91,3.7,3.6,1.95,4,3.5,35,2.06,1.94,4,3.79,3.8,3.61,33,1.51,1.47,2.8,2.63,19,-0.25,1.74,1.7,2.28,2.18,1.8,4.24,4.09
N1,19/01/2019,Den Haag,VVV Venlo,2,4,A,1,1,D,20,16,8,8,10,12,11,7,0,1,1,0,1.95,3.5,3.75,1.95,3.6,3.8,1.93,3.35,3.75,1.96,3.48,4.1,1.91,3.4,3.9,2,3.5,3.8,36,2.05,1.95,3.65,3.46,4.1,3.87,34,1.97,1.9,1.96,1.89,20,-0.25,1.75,1.7,2.3,2.19,2.11,3.4,3.79
N1,19/01/2019,Groningen,Heracles,3,0,H,1,0,H,18,7,6,2,17,19,5,1,2,1,0,0,2.15,3.6,3.1,2.15,3.75,3.1,2.15,3.55,3,2.21,3.71,3.17,2.15,3.5,3.1,2.15,3.7,3.2,36,2.3,2.17,3.75,3.61,3.2,3.1,33,1.65,1.59,2.45,2.33,20,-0.25,1.95,1.89,2.01,1.94,2.18,3.77,3.25
N1,19/01/2019,Zwolle,Feyenoord,3,1,H,1,1,D,15,13,7,6,11,8,9,4,1,2,0,0,5.5,4,1.57,5.5,4.1,1.6,4.85,4.1,1.57,5.16,4.32,1.61,5,4.2,1.57,5.4,4.4,1.57,36,5.5,5.13,4.7,4.25,1.62,1.59,33,1.6,1.52,2.6,1.47,22,1,1.92,1.87,2.03,1.97,6.23,5.27,1.45
N1,20/01/2019,Ajax,Heerenveen,4,4,D,3,1,H,27,12,9,9,7,12,11,4,0,1,0,0,1.05,13,29,1.06,13.5,29,1.05,11,28,1.07,13.1,31.21,1.04,13,36,1.05,15,36,35,1.07,1.05,15,13.39,51,32.53,33,1.22,1.19,4.9,4.4,19,-3.25,2.08,2.01,1.89,1.82,1.1,11.2,25.46
N1,20/01/2019,FC Emmen,PSV Eindhoven,2,2,D,0,1,A,6,14,2,4,18,9,2,7,1,3,0,0,13,6.5,1.2,12,6.75,1.22,11,6.3,1.2,11.08,6.62,1.23,10,6.5,1.22,11.5,7,1.22,35,13,11.85,7.03,6.62,1.24,1.21,33,1.4,1.36,3.3,3.06,21,2,1.99,1.9,2.05,1.95,11.86,6.75,1.23
N1,20/01/2019,Graafschap,For Sittard,5,1,H,3,0,H,18,7,9,3,10,21,8,2,1,5,0,0,3.2,3.8,2.05,3.3,3.8,2.05,3.15,3.7,2.05,3.31,3.84,2.1,3.2,3.7,2.05,3.13,3.9,2.1,35,3.35,3.22,3.9,3.74,2.24,2.08,32,1.55,1.51,2.63,2.5,20,0.25,2.08,1.99,1.9,1.84,3.09,3.85,2.23
N1,20/01/2019,Willem II,NAC Breda,2,0,H,1,0,H,11,4,4,0,7,14,8,3,1,0,0,1,1.95,3.5,3.75,1.95,3.5,4,1.93,3.4,3.7,1.98,3.46,4.06,1.91,3.4,3.9,1.95,3.5,4,36,2,1.94,3.7,3.46,4.1,3.95,34,1.85,1.78,2.12,2.03,19,-0.75,2.3,2.22,1.74,1.68,2.48,3.15,3.21
N1,25/01/2019,NAC Breda,Den Haag,1,1,D,0,1,A,20,8,4,2,12,8,8,4,0,0,0,0,2.5,3.4,2.7,2.45,3.5,2.8,2.45,3.4,2.65,2.59,3.57,2.74,2.5,3.5,2.7,2.55,3.5,2.7,37,2.66,2.5,3.6,3.47,2.8,2.71,36,1.81,1.75,2.15,2.06,21,-0.25,2.26,2.17,1.75,1.72,2.72,3.54,2.63
N1,26/01/2019,Excelsior,Graafschap,2,0,H,0,0,D,7,13,2,3,8,13,0,10,1,2,0,0,2.05,3.6,3.3,2.05,3.6,3.5,2.05,3.6,3.2,2.07,3.64,3.55,2.05,3.5,3.5,2.1,3.6,3.4,37,2.15,2.08,3.8,3.58,3.55,3.34,33,1.61,1.55,2.5,2.4,20,-0.25,1.87,1.81,2.1,2.03,2.11,3.73,3.45
N1,26/01/2019,Heracles,Zwolle,0,2,A,0,1,A,15,9,4,4,11,17,8,5,3,4,0,0,2,4,3.2,2.1,3.6,3.4,2.05,3.65,3.15,2.1,3.71,3.42,2.05,3.6,3.4,2.1,3.75,3.3,36,2.16,2.08,4,3.66,3.45,3.3,33,1.6,1.54,2.55,2.43,20,-0.25,1.86,1.82,2.09,2.03,2.08,4.04,3.28
N1,26/01/2019,PSV Eindhoven,Groningen,2,1,H,2,1,H,12,5,6,1,6,12,8,5,1,4,0,0,1.14,8.5,13,1.16,8.75,14,1.17,7.2,13,1.14,8.34,18.04,1.14,7.5,19,1.14,8.5,17,33,1.18,1.15,8.9,7.99,21,16.13,31,1.33,1.3,3.75,3.41,22,-2,1.76,1.7,2.28,2.18,1.18,7.18,16.46
N1,26/01/2019,VVV Venlo,FC Emmen,2,3,A,1,1,D,16,11,7,5,14,15,6,0,2,2,0,0,1.95,3.5,3.8,1.95,3.6,3.9,1.9,3.45,3.75,1.96,3.52,4.05,1.91,3.5,4,1.95,3.6,3.9,37,2,1.94,3.75,3.52,4.06,3.85,34,1.85,1.8,2.08,2,19,-0.25,1.74,1.68,2.29,2.2,2.14,3.42,3.66
N1,27/01/2019,Feyenoord,Ajax,6,2,H,3,2,H,20,15,9,7,11,14,4,5,0,0,0,0,4.2,4,1.72,4.1,4.2,1.75,3.85,4,1.75,3.97,4.31,1.79,3.9,4.2,1.78,4,4.1,1.8,36,4.2,3.94,4.31,4.12,1.81,1.77,34,1.5,1.45,2.85,2.68,21,1,1.67,1.62,2.41,2.35,4.21,4.1,1.81
N1,27/01/2019,For Sittard,Vitesse,2,1,H,0,1,A,16,11,6,5,11,16,5,10,4,2,0,0,3.4,3.75,2,3.4,3.7,2.05,3.25,3.6,2,3.44,3.76,2.07,3.4,3.6,2.05,3.4,3.75,2.05,35,3.45,3.36,3.8,3.67,2.1,2.05,33,1.7,1.64,2.35,2.23,19,0.25,2.09,2.04,1.85,1.8,3.73,3.96,1.95
N1,27/01/2019,Heerenveen,AZ Alkmaar,0,2,A,0,0,D,5,21,0,8,18,7,3,8,3,2,0,0,3.6,3.8,1.9,3.6,3.7,2,3.35,3.8,1.93,3.55,3.94,1.99,3.5,3.8,1.95,3.6,3.9,1.95,36,3.6,3.46,4.05,3.82,2.05,1.97,34,1.5,1.46,2.85,2.64,20,0.25,2.2,2.12,1.79,1.74,3.82,4.25,1.86
N1,27/01/2019,Utrecht,Willem II,0,1,A,0,0,D,18,7,5,2,8,11,8,2,0,2,0,0,1.44,4.33,7,1.45,4.75,6.5,1.45,4.5,6.2,1.46,4.85,6.29,1.42,4.6,7,1.44,4.6,7,36,1.51,1.45,4.85,4.63,7,6.45,33,1.67,1.61,2.4,2.27,21,-1,1.79,1.74,2.22,2.14,1.43,4.73,7.75
N1,01/02/2019,Graafschap,NAC Breda,3,0,H,1,0,H,23,10,11,2,9,15,8,4,0,0,0,0,2.37,3.6,2.75,2.4,3.5,2.85,2.35,3.35,2.8,2.39,3.57,3.01,2.3,3.4,2.9,2.4,3.5,2.88,35,2.5,2.37,3.62,3.45,3.05,2.89,33,1.87,1.81,2.06,1.99,20,-0.25,2.13,2.06,1.84,1.79,2.45,3.5,2.96
N1,02/02/2019,Ajax,VVV Venlo,6,0,H,1,0,H,23,4,11,1,7,13,4,0,0,1,0,0,1.08,10,23,1.07,12.5,31,1.06,10,27,1.08,11.88,28.22,1.05,11,34,1.06,12,31,35,1.09,1.07,13,11.31,41,29.07,32,1.25,1.21,4.6,4.19,19,-3,2,1.95,1.95,1.88,1.08,12.03,28.91
N1,02/02/2019,AZ Alkmaar,FC Emmen,5,0,H,3,0,H,20,3,9,0,9,12,9,6,0,1,0,0,1.25,6,10,1.25,6.25,11,1.25,5.9,8.8,1.27,6.04,9.91,1.24,6,10,1.25,6.5,10.5,34,1.29,1.25,7,6.16,12,9.85,31,1.36,1.32,3.5,3.31,21,-2,2.21,2.11,1.85,1.75,1.27,6.27,10.35
N1,02/02/2019,Vitesse,Heerenveen,2,2,D,1,1,D,13,14,3,6,9,8,4,4,3,0,0,0,1.72,3.8,4.5,1.75,3.9,4.6,1.77,3.75,4.05,1.83,3.78,4.37,1.75,3.8,4.2,1.75,4,4.33,35,1.87,1.78,4,3.77,4.6,4.25,32,1.65,1.59,2.45,2.33,19,-0.75,2.05,1.99,1.89,1.84,1.81,3.7,4.74
N1,02/02/2019,Willem II,Groningen,1,2,A,0,2,A,13,12,4,5,7,15,11,5,1,3,0,0,2.45,3.3,2.8,2.55,3.3,2.8,2.5,3.25,2.65,2.67,3.37,2.74,2.6,3.25,2.62,2.6,3.4,2.7,34,2.67,2.55,3.45,3.28,3.05,2.73,31,1.96,1.89,1.97,1.9,19,-0.25,2.28,2.21,1.73,1.68,2.65,3.36,2.82
N1,03/02/2019,Den Haag,Heracles,2,0,H,0,0,D,14,11,7,3,14,12,6,7,3,2,0,0,2.05,3.6,3.3,2.1,3.7,3.3,2.1,3.55,3.05,2.21,3.7,3.17,2.15,3.5,3.1,2.15,3.7,3.2,33,2.21,2.15,3.75,3.6,3.4,3.14,31,1.65,1.59,2.45,2.32,18,-0.25,1.93,1.89,2,1.95,2.18,3.77,3.26
N1,03/02/2019,Excelsior,Feyenoord,2,1,H,0,0,D,10,13,5,5,7,14,3,8,2,1,0,0,10,6,1.25,8.5,5.5,1.33,8.5,5.6,1.27,8.64,5.8,1.31,9,5.8,1.27,8.5,6,1.25,33,10,8.84,6.09,5.73,1.35,1.29,32,1.45,1.4,3.05,2.87,21,1.5,2.16,2.07,1.84,1.77,9.33,7.19,1.25
N1,03/02/2019,PSV Eindhoven,For Sittard,5,0,H,1,0,H,20,7,11,0,19,10,10,6,2,4,0,1,1.12,9,15,1.11,9.25,23,1.13,7.9,14.5,1.14,8.61,17.59,1.11,8,21,1.13,9,21,31,1.15,1.13,10.25,8.55,23,17.77,29,1.25,1.24,4.3,3.91,21,-2.5,2.03,1.98,1.92,1.86,1.12,9.65,19.76
N1,03/02/2019,Zwolle,Utrecht,4,3,H,1,1,D,19,10,5,4,14,9,7,3,3,4,0,2,2.87,3.6,2.3,2.85,3.6,2.35,2.85,3.45,2.25,2.95,3.67,2.35,2.88,3.5,2.3,2.9,3.6,2.38,34,3.15,2.9,3.67,3.54,2.38,2.3,32,1.75,1.68,2.25,2.14,19,0.25,1.89,1.83,2.08,2.01,2.79,3.62,2.52
N1,08/02/2019,NAC Breda,AZ Alkmaar,0,3,A,0,1,A,10,16,3,8,10,11,1,5,2,1,0,0,6,4.5,1.45,6.5,4.5,1.48,6,4.35,1.46,6.76,4.67,1.48,6.5,4.4,1.44,6.25,4.6,1.5,35,7.2,6.43,4.8,4.52,1.5,1.47,33,1.65,1.59,2.45,2.34,22,1,2.21,2.1,1.82,1.77,6.32,4.42,1.53
N1,09/02/2019,Feyenoord,Graafschap,4,0,H,1,0,H,28,13,16,2,6,7,2,4,0,1,0,0,1.11,9,19,1.11,9.75,21,1.11,8.4,17,1.12,9.03,20.3,1.08,9,26,1.11,9,26,35,1.14,1.11,10.25,9.08,26,20.59,33,1.25,1.24,4.3,3.92,21,-2.5,1.92,1.86,2.02,1.97,1.13,9.01,20.67
N1,09/02/2019,Heerenveen,Zwolle,1,1,D,1,1,D,8,14,4,6,13,13,3,9,0,0,0,0,2.05,3.6,3.3,2.15,3.6,3.25,2.1,3.55,3.1,2.16,3.75,3.24,2.15,3.5,3.1,2.15,3.7,3.2,35,2.25,2.13,3.75,3.57,3.35,3.21,33,1.65,1.58,2.49,2.35,20,-0.25,1.91,1.87,2.02,1.97,2.2,3.59,3.34
N1,09/02/2019,Heracles,Ajax,1,0,H,1,0,H,8,22,2,7,19,12,8,10,1,1,0,0,13,6.5,1.2,11,7.25,1.22,10.5,6.6,1.2,11.23,7.34,1.21,13,6.5,1.18,13,7,1.2,35,13,11.46,7.5,6.86,1.25,1.21,34,1.35,1.29,3.75,3.51,21,2,2,1.95,2,1.89,13.21,8.6,1.17
N1,09/02/2019,VVV Venlo,Willem II,2,1,H,1,0,H,15,10,6,5,16,11,2,6,3,1,0,0,2.25,3.5,3,2.3,3.5,3,2.25,3.2,3.05,2.38,3.3,3.19,2.3,3.25,3.1,2.3,3.4,3.1,34,2.38,2.31,3.6,3.32,3.25,3.07,32,2.05,1.98,1.89,1.82,19,0,1.72,1.68,2.35,2.22,2.6,3.29,2.92
N1,10/02/2019,FC Emmen,Den Haag,3,2,H,2,0,H,15,12,6,3,15,9,3,5,1,2,0,0,2.75,3.3,2.5,2.75,3.5,2.5,2.65,3.45,2.4,2.81,3.57,2.49,2.7,3.5,2.4,2.7,3.6,2.5,34,2.81,2.71,3.6,3.49,2.55,2.46,32,1.71,1.66,2.3,2.18,19,0.25,1.75,1.72,2.22,2.14,2.69,3.67,2.59
N1,10/02/2019,For Sittard,Excelsior,4,1,H,2,0,H,12,18,6,7,15,16,3,7,2,2,0,0,1.75,3.75,4.5,1.8,3.8,4.33,1.75,3.8,4,1.83,3.94,4.18,1.78,3.8,4.2,1.83,3.8,4.2,34,1.87,1.8,4.05,3.82,4.5,4.12,32,1.61,1.55,2.55,2.4,19,-0.75,2.1,2.02,1.87,1.82,1.98,3.75,3.82
N1,10/02/2019,Groningen,Vitesse,2,1,H,1,1,D,8,7,3,1,9,5,4,4,1,0,0,0,2.37,3.4,2.9,2.55,3.25,2.85,2.4,3.3,2.75,2.51,3.44,2.87,2.45,3.3,2.8,2.45,3.4,2.88,34,2.6,2.47,3.5,3.34,2.9,2.8,32,1.9,1.82,2.05,1.97,19,-0.25,2.23,2.12,1.79,1.73,2.41,3.5,3.02
N1,10/02/2019,Utrecht,PSV Eindhoven,2,2,D,2,0,H,6,23,3,4,11,2,2,11,1,1,0,0,6,4.2,1.57,5.5,4.33,1.57,4.85,4.2,1.57,5.21,4.2,1.63,5,4.2,1.57,5,4.4,1.6,34,6,5.14,4.5,4.22,1.65,1.59,32,1.51,1.47,2.8,2.63,21,1,1.93,1.87,2.02,1.97,6.59,4.04,1.56
N1,15/02/2019,Den Haag,Zwolle,1,0,H,1,0,H,4,12,2,4,10,8,2,4,1,3,0,1,2.45,3.5,2.7,2.55,3.5,2.7,2.55,3.4,2.55,2.7,3.45,2.7,2.6,3.3,2.6,2.55,3.5,2.7,32,2.72,2.57,3.57,3.43,2.8,2.65,31,1.69,1.64,2.4,2.24,16,-0.25,2.33,2.22,1.73,1.67,2.57,3.61,2.74
N1,16/02/2019,AZ Alkmaar,VVV Venlo,3,0,H,2,0,H,19,12,10,2,10,10,9,3,2,1,0,0,1.25,5.75,12,1.3,5.5,10.5,1.25,5.7,10.5,1.26,5.91,11.35,1.24,5.5,12,1.25,6,13,30,1.3,1.25,6.25,5.78,13,11.17,28,1.55,1.51,2.65,2.5,17,-1.5,1.78,1.74,2.25,2.12,1.23,6.7,12.44
N1,16/02/2019,Heerenveen,PSV Eindhoven,2,2,D,2,0,H,10,24,3,7,14,9,2,7,2,0,0,0,8,5.25,1.33,7.5,5.5,1.36,7,5.1,1.35,7.5,5.43,1.36,8,5.25,1.33,8.5,5.5,1.33,31,8.5,7.51,5.53,5.23,1.42,1.36,30,1.45,1.39,3.15,2.9,17,1.5,1.96,1.89,1.99,1.93,8.41,5.49,1.35
N1,16/02/2019,Heracles,For Sittard,6,0,H,1,0,H,22,11,12,5,12,7,4,3,3,0,0,0,1.8,3.8,4,1.8,4.1,4,1.77,4,3.75,1.82,4.41,3.76,1.8,4,3.75,1.8,4.2,3.9,31,1.88,1.82,4.41,4.05,4,3.79,29,1.5,1.44,2.9,2.72,15,-0.75,2.12,2.02,1.88,1.81,1.6,4.65,5.06
N1,16/02/2019,Vitesse,Willem II,3,2,H,1,0,H,20,13,9,5,14,12,5,9,3,3,0,0,1.53,4,6,1.57,4.1,5.75,1.55,4,5.5,1.59,4.03,5.92,1.55,3.9,5.8,1.57,4.1,6,30,1.6,1.57,4.3,4.03,6.05,5.72,29,1.82,1.74,2.16,2.07,17,-1,2.03,1.97,1.91,1.86,1.71,3.8,5.3
N1,17/02/2019,Ajax,NAC Breda,5,0,H,1,0,H,33,6,11,2,9,15,13,2,1,3,0,0,1.03,15,41,1.05,14,41,1.04,11.5,31,1.05,14.54,36.45,1.02,15,36,1.04,17,36,30,1.06,1.04,17,14.37,61,37.89,29,1.2,1.16,5.6,4.9,15,-3.5,2.16,2.06,1.83,1.77,1.06,14.58,38.12
N1,17/02/2019,Excelsior,FC Emmen,2,1,H,0,0,D,12,14,6,5,7,16,4,7,0,0,0,0,2.3,3.6,2.87,2.3,3.6,2.95,2.25,3.55,2.85,2.28,3.69,3.04,2.25,3.5,3,2.3,3.6,3,31,2.35,2.28,3.75,3.55,3.04,2.94,29,1.7,1.62,2.35,2.25,15,-0.25,2.06,1.97,1.91,1.85,2.13,3.84,3.3
N1,17/02/2019,Graafschap,Utrecht,0,1,A,0,0,D,14,9,3,3,15,10,6,5,1,0,0,0,4.33,4.2,1.7,4.75,4,1.7,4.35,3.8,1.7,4.85,3.9,1.72,4.6,3.9,1.67,4.6,4.1,1.7,31,5.35,4.63,4.2,3.91,1.75,1.7,29,1.65,1.59,2.45,2.32,16,1,1.73,1.68,2.26,2.2,3.8,3.97,1.93
N1,17/02/2019,Groningen,Feyenoord,1,0,H,1,0,H,21,4,7,1,11,8,5,3,0,1,0,0,5,3.75,1.7,5,4,1.67,4.35,3.85,1.7,4.83,3.8,1.75,4.6,3.8,1.7,4.5,4,1.73,31,5.5,4.64,4.1,3.88,1.75,1.7,29,1.6,1.54,2.55,2.43,17,1,1.75,1.68,2.31,2.21,5.08,4.2,1.66
N1,22/02/2019,VVV Venlo,Heracles,0,1,A,0,0,D,28,6,6,3,12,16,7,3,2,4,0,0,2.7,3.6,2.4,2.7,3.6,2.5,2.7,3.45,2.35,2.85,3.63,2.47,2.75,3.5,2.38,2.75,3.6,2.45,35,2.9,2.74,3.68,3.53,2.57,2.45,34,1.7,1.64,2.35,2.23,19,0.25,1.8,1.74,2.2,2.13,2.79,3.74,2.47
N1,23/02/2019,For Sittard,Heerenveen,2,4,A,2,1,H,12,22,4,12,8,12,2,10,4,1,1,0,3,3.4,2.3,2.8,3.75,2.35,2.75,3.65,2.25,2.81,3.88,2.4,2.75,3.7,2.3,2.75,3.75,2.38,34,3,2.8,3.88,3.71,2.4,2.32,32,1.52,1.48,2.75,2.58,18,0,2.17,2.11,1.82,1.76,2.86,3.79,2.4
N1,23/02/2019,NAC Breda,Groningen,0,0,D,0,0,D,13,13,2,3,7,13,4,7,1,1,0,0,3.6,3.8,1.9,3.6,3.7,2,3.55,3.45,1.97,3.8,3.65,2.02,3.7,3.5,1.95,3.75,3.7,1.95,35,3.8,3.62,3.8,3.53,2.12,2,33,1.91,1.83,2.06,1.97,19,0.25,2.19,2.12,1.82,1.74,3.44,3.44,2.22
N1,23/02/2019,Utrecht,Excelsior,0,0,D,0,0,D,29,3,8,2,9,12,9,1,1,3,0,0,1.33,5.5,8,1.35,5.5,7.75,1.33,5.1,7.5,1.33,5.36,9.35,1.3,5.25,9,1.33,5.5,8.5,35,1.39,1.33,5.55,5.29,9.5,8.44,33,1.5,1.44,2.88,2.71,21,-1.5,1.97,1.93,1.96,1.91,1.44,4.57,7.92
N1,23/02/2019,Zwolle,Graafschap,0,3,A,0,1,A,12,11,3,5,8,13,9,2,1,1,0,1,1.53,4.33,5.75,1.53,4.33,6,1.55,4.2,5.2,1.57,4.25,5.96,1.52,4.2,5.8,1.57,4.33,5.5,35,1.6,1.55,4.5,4.27,6.1,5.62,33,1.6,1.52,2.6,2.47,21,-1,1.98,1.9,1.99,1.93,1.65,4,5.57
N1,24/02/2019,Den Haag,Ajax,1,5,A,1,2,A,10,17,1,11,10,14,3,8,1,1,0,0,15,8,1.16,13.5,7.5,1.19,11,6.7,1.2,12.72,7.27,1.21,15,7,1.17,15,8,1.17,34,15,12.89,8,7.16,1.22,1.19,33,1.33,1.29,3.8,3.51,19,2,2.07,2.01,1.9,1.84,11.79,9.82,1.17
N1,24/02/2019,FC Emmen,Vitesse,0,3,A,0,1,A,4,18,1,7,16,12,8,5,3,2,0,0,4,3.6,1.85,4.2,3.7,1.85,3.85,3.6,1.85,4.17,3.64,1.93,3.8,3.5,1.8,3.9,3.8,1.9,34,4.3,3.96,3.85,3.67,1.93,1.87,32,1.75,1.68,2.25,2.16,18,0.75,1.8,1.74,2.18,2.12,3.4,3.5,2.21
N1,24/02/2019,PSV Eindhoven,Feyenoord,1,1,D,0,0,D,20,14,10,6,9,15,6,7,0,4,0,1,1.53,4.33,5.5,1.55,4.75,5.25,1.53,4.45,4.95,1.58,4.71,5.17,1.53,4.4,5.25,1.55,4.5,5.4,34,1.6,1.55,4.75,4.54,5.6,5.17,33,1.46,1.41,3,2.84,20,-1,1.94,1.88,2.04,1.95,1.56,4.58,5.6
N1,24/02/2019,Willem II,AZ Alkmaar,2,1,H,2,0,H,13,10,6,5,12,10,7,5,0,3,0,0,5.5,4.33,1.53,5.25,4.2,1.6,5,4.15,1.57,5.54,4.38,1.59,5.5,4.2,1.53,5.75,4.33,1.55,33,6,5.4,4.45,4.24,1.6,1.57,31,1.63,1.58,1.6,1.53,20,1,1.97,1.9,2,1.94,5.09,4.24,1.65
N1,01/03/2019,Graafschap,Den Haag,1,1,D,0,1,A,14,14,2,3,6,10,8,4,0,2,0,0,2.15,3.6,3.1,2.2,3.6,3.1,2.15,3.5,3,2.27,3.75,3.09,2.2,3.5,3,2.25,3.7,3,34,2.35,2.23,3.77,3.61,3.15,3.02,33,1.71,1.66,2.4,2.21,19,-0.25,2.01,1.95,1.93,1.89,2.23,3.74,3.17
N1,02/03/2019,Excelsior,PSV Eindhoven,0,2,A,0,1,A,7,18,1,6,5,9,3,7,0,1,0,0,13,7,1.18,13.5,7,1.2,10.5,6.5,1.2,11.55,6.92,1.23,12,7,1.18,13,7,1.2,34,17,11.99,7.3,6.88,1.23,1.21,33,1.35,1.3,3.65,3.42,21,2,1.96,1.91,1.98,1.93,10.64,7.13,1.23
N1,02/03/2019,Heracles,Utrecht,1,5,A,0,1,A,8,16,3,8,12,12,5,4,2,0,1,0,2.8,3.6,2.3,2.7,3.6,2.5,2.65,3.55,2.35,2.68,3.8,2.53,2.62,3.6,2.45,2.75,3.7,2.4,34,2.8,2.7,3.8,3.63,2.53,2.44,32,1.6,1.56,2.55,2.39,19,0.25,1.78,1.73,2.2,2.13,2.93,3.76,2.36
N1,02/03/2019,Vitesse,NAC Breda,4,1,H,0,1,A,21,6,8,4,12,13,11,2,1,3,0,1,1.36,5,7.5,1.36,5,8.5,1.35,4.65,7.9,1.36,4.95,9.57,1.33,4.75,9,1.36,5,8.5,34,1.42,1.36,5.03,4.86,9.57,8.61,32,1.75,1.69,2.25,2.16,21,-1.5,2.12,2.06,1.85,1.79,1.4,4.7,8.86
N1,03/03/2019,AZ Alkmaar,For Sittard,4,2,H,1,2,A,21,10,6,6,9,8,9,4,0,1,0,0,1.22,7,10,1.22,6.75,12,1.21,6.4,10.5,1.21,7.06,12.92,1.2,6.5,13,1.2,7,13,32,1.26,1.21,7.25,6.72,13.5,12.02,31,1.35,1.31,3.6,3.39,20,-2,1.97,1.93,1.96,1.91,1.14,9.13,16.49
N1,03/03/2019,Feyenoord,FC Emmen,4,0,H,1,0,H,23,11,11,3,8,13,8,2,0,1,0,0,1.16,7.5,13,1.18,7.5,14,1.2,6.7,11.5,1.2,7.12,14.17,1.17,7,15,1.18,7,15,32,1.22,1.19,7.5,7.07,15.5,13.07,31,1.35,1.29,3.75,3.49,20,-2,1.9,1.85,2.05,1.99,1.13,9.43,18.67
N1,03/03/2019,Groningen,VVV Venlo,3,2,H,2,1,H,18,8,7,2,10,14,6,3,2,1,1,1,1.61,3.75,5.5,1.67,3.9,5.25,1.63,3.8,4.95,1.66,4.15,5.15,1.6,3.9,5.25,1.65,3.9,5.4,32,1.77,1.65,4.15,3.91,5.5,5.13,30,1.95,1.87,2,1.93,20,-1,2.23,2.15,1.76,1.73,1.64,3.97,5.67
N1,03/03/2019,Heerenveen,Willem II,4,2,H,3,0,H,11,14,5,5,11,10,10,3,0,1,0,1,1.8,3.8,4,1.87,3.8,3.9,1.83,3.7,3.85,1.91,3.87,3.97,1.85,3.7,3.9,1.85,3.9,4,32,1.91,1.86,3.95,3.8,4.33,3.93,30,1.7,1.64,2.35,2.24,18,-0.75,2.18,2.1,1.81,1.75,1.95,3.72,3.96
N1,08/03/2019,Utrecht,Groningen,0,0,D,0,0,D,15,11,3,3,9,10,9,7,1,4,0,0,1.75,3.75,4.5,1.8,3.8,4.33,1.75,3.7,4.25,1.79,3.99,4.46,1.73,3.8,4.33,1.75,3.9,4.4,34,1.8,1.77,4,3.82,4.75,4.35,33,1.81,1.76,2.15,2.06,20,-0.75,2.05,1.99,1.9,1.85,1.81,4.09,4.2
N1,09/03/2019,Den Haag,Heerenveen,2,3,A,0,1,A,19,16,7,9,10,10,8,4,2,1,0,0,2.37,3.4,2.9,2.5,3.6,2.7,2.4,3.5,2.65,2.52,3.69,2.75,2.45,3.5,2.62,2.45,3.6,2.75,34,2.6,2.45,3.7,3.54,2.9,2.69,30,1.65,1.6,2.41,2.31,19,-0.25,2.23,2.13,1.8,1.74,2.42,3.75,2.85
N1,09/03/2019,PSV Eindhoven,NAC Breda,2,0,H,1,0,H,20,5,7,0,10,11,8,4,2,0,0,0,1.05,13,26,1.05,14,34,1.06,10,25,1.07,13.31,33.54,1.04,12,36,1.06,13,36,33,1.08,1.06,14,12.6,41,31.95,30,1.25,1.21,4.8,4.3,20,-3,2,1.93,1.97,1.92,1.12,10.01,18.88
N1,09/03/2019,VVV Venlo,Excelsior,1,0,H,1,0,H,16,13,6,3,15,13,7,5,3,4,0,0,2,3.4,3.75,2.05,3.75,3.4,2,3.45,3.35,2.09,3.63,3.6,2,3.5,3.5,2,3.6,3.6,34,2.1,2.05,3.75,3.54,3.75,3.46,31,1.81,1.76,2.15,2.06,19,-0.25,1.85,1.78,2.16,2.07,2.12,3.63,3.52
N1,09/03/2019,Willem II,Graafschap,3,2,H,2,1,H,18,6,9,2,11,24,9,6,1,4,0,0,1.75,4,4.2,1.85,3.75,4.1,1.8,3.75,3.95,1.86,3.91,4.15,1.8,3.75,4,1.8,3.9,4.2,34,1.91,1.82,4,3.79,4.2,4.02,30,1.71,1.66,2.29,2.2,19,-0.75,2.15,2.06,1.85,1.79,1.72,3.8,5.24
N1,10/03/2019,Ajax,For Sittard,4,0,H,2,0,H,21,9,8,2,15,12,7,0,0,0,0,0,1.02,17,34,1.05,14.5,31,1.04,12,29,1.05,16.89,42.33,1.02,15,41,1.04,17,41,29,1.05,1.04,18,15.77,56,38.3,31,1.14,1.12,7,6.08,18,-3.25,1.78,1.74,2.19,2.12,1.04,20.61,47.73
N1,10/03/2019,FC Emmen,Heracles,1,1,D,0,1,A,14,2,5,1,10,16,9,5,2,3,0,1,3.2,3.5,2.15,2.9,3.5,2.25,2.95,3.6,2.15,3.17,3.77,2.22,3.1,3.6,2.15,3,3.75,2.2,33,3.35,3.04,3.8,3.62,2.25,2.2,30,1.6,1.54,2.55,2.43,19,0.25,1.97,1.91,1.98,1.93,2.86,3.64,2.45
N1,10/03/2019,Vitesse,Feyenoord,1,1,D,0,1,A,19,19,7,7,9,8,6,6,1,1,0,0,3.8,3.5,1.9,3.6,3.7,2,3.55,3.55,1.93,3.72,3.77,2.01,3.6,3.6,1.95,3.7,3.75,1.95,33,3.8,3.61,3.77,3.65,2.05,1.97,32,1.76,1.71,2.2,2.12,19,0.25,2.22,2.15,1.76,1.72,3.05,3.65,2.33
N1,10/03/2019,Zwolle,AZ Alkmaar,0,0,D,0,0,D,11,14,4,5,11,12,7,6,0,0,0,0,4.5,3.75,1.72,4.6,3.8,1.75,4.2,3.85,1.73,4.53,3.9,1.79,4.33,3.8,1.73,4.33,4,1.75,32,5,4.38,4.1,3.88,1.8,1.75,29,1.65,1.58,2.45,2.35,19,0.75,1.95,1.88,2.03,1.96,4.14,3.7,1.92
N1,13/03/2019,Ajax,Zwolle,2,1,H,1,0,H,17,7,7,3,9,13,7,4,2,3,0,1,1.05,13,26,1.04,16,36,1.05,11,24,1.06,14.53,33.09,1.04,13,36,1.05,15,36,31,1.07,1.05,19.5,14.12,50,33.3,31,1.16,1.13,6.5,5.61,18,-3.5,2.2,2.1,1.81,1.76,1.09,12.28,23.67
N1,15/03/2019,For Sittard,FC Emmen,3,1,H,3,0,H,12,12,5,4,9,10,9,3,2,0,0,1,2.05,3.6,3.3,2.1,3.75,3.3,2.1,3.6,3.1,2.2,3.79,3.2,2.15,3.6,3.1,2.15,3.75,3.13,32,2.2,2.13,3.83,3.67,3.3,3.17,29,1.56,1.52,2.67,2.5,17,-0.25,1.93,1.87,2.03,1.95,2.2,3.75,3.22
N1,16/03/2019,Feyenoord,Willem II,2,3,A,1,1,D,20,10,7,7,11,8,10,5,1,0,0,0,1.25,6.5,10,1.22,6.25,13.5,1.25,5.6,9.9,1.22,6.24,15.12,1.22,5.8,12,1.25,6.25,11,33,1.3,1.24,6.7,6.04,15.12,12.05,31,1.55,1.49,2.75,2.58,20,-1.5,1.81,1.75,2.2,2.12,1.3,5.62,10.22
N1,16/03/2019,Heerenveen,Graafschap,0,3,A,0,1,A,9,7,4,4,12,13,4,3,2,1,0,0,1.5,5,5,1.53,4.4,6,1.5,4.45,5.3,1.54,4.58,5.82,1.5,4.5,5.5,1.5,4.8,5.75,34,1.55,1.51,5,4.53,6.35,5.66,32,1.5,1.44,2.9,2.73,20,-1,1.85,1.82,2.11,2.04,1.54,4.78,5.5
N1,16/03/2019,Heracles,Vitesse,3,2,H,2,2,D,12,24,7,6,7,14,4,6,1,3,0,1,3,3.6,2.2,2.85,3.6,2.35,2.85,3.6,2.25,2.87,3.84,2.36,2.88,3.6,2.25,2.88,3.75,2.3,33,3,2.85,3.9,3.68,2.45,2.31,30,1.6,1.56,2.5,2.4,18,0.25,1.9,1.84,2.08,2.02,3.03,3.86,2.26
N1,16/03/2019,NAC Breda,Utrecht,0,4,A,0,2,A,8,17,1,5,23,7,1,4,2,1,0,0,4.5,3.8,1.72,4.5,3.9,1.75,4.3,3.65,1.75,4.5,3.81,1.82,4.4,3.7,1.75,4.33,3.8,1.8,33,4.65,4.41,3.95,3.75,1.82,1.78,32,1.82,1.76,2.13,2.05,19,0.75,1.9,1.83,2.07,2.01,4.76,4.1,1.72
N1,17/03/2019,AZ Alkmaar,Ajax,1,0,H,0,0,D,17,15,8,6,14,13,2,7,0,1,0,0,4.75,4.75,1.55,4.6,4.75,1.6,4.55,4.6,1.57,4.71,5.02,1.6,4.8,4.75,1.53,5,4.8,1.55,33,5,4.67,5.02,4.73,1.64,1.58,31,1.35,1.31,3.6,3.36,20,1,2,1.93,1.97,1.92,4.8,4.6,1.64
N1,17/03/2019,Excelsior,Zwolle,0,2,A,0,0,D,6,20,1,8,8,11,6,11,0,2,0,0,3,3.5,2.25,3,3.6,2.3,2.9,3.5,2.25,2.94,3.67,2.39,2.88,3.6,2.25,3,3.6,2.3,34,3.05,2.92,3.8,3.57,2.47,2.29,32,1.7,1.66,2.3,2.2,19,0.25,1.9,1.84,2.07,2,2.91,3.6,2.45
N1,17/03/2019,Groningen,Den Haag,1,0,H,1,0,H,13,7,5,1,15,17,7,3,3,3,0,0,1.66,4,4.75,1.67,4.1,4.75,1.67,3.85,4.6,1.72,4.11,4.71,1.65,3.9,4.75,1.67,4,5,34,1.8,1.68,4.2,3.95,5,4.72,33,1.8,1.73,2.2,2.1,20,-1,2.27,2.21,1.75,1.7,1.62,4.47,5.1
N1,17/03/2019,VVV Venlo,PSV Eindhoven,0,1,A,0,0,D,17,12,6,6,8,4,4,8,0,0,0,0,9,6.5,1.25,10,6,1.28,8.9,5.5,1.27,10.04,5.81,1.3,9.5,5.5,1.27,10,5.75,1.29,34,13,9.76,6.5,5.7,1.3,1.28,32,1.52,1.48,2.75,2.59,20,1.5,2.1,2.03,1.87,1.82,10.5,6.17,1.27
N1,30/03/2019,AZ Alkmaar,Groningen,1,0,H,0,0,D,9,8,2,2,8,15,6,6,1,4,0,0,1.4,5,6.5,1.45,4.6,7,1.45,4.5,6,1.45,4.65,7.4,1.42,4.5,7,1.45,4.75,6.5,32,1.49,1.44,5,4.61,7.4,6.67,30,1.6,1.55,2.53,2.41,19,-1,1.75,1.71,2.23,2.17,1.47,4.56,7.18
N1,30/03/2019,Den Haag,Vitesse,3,3,D,2,3,A,12,13,4,9,8,17,8,4,0,1,0,0,3.5,3.6,2,3.5,3.9,1.95,3.45,3.7,1.93,3.65,4,1.96,3.5,3.8,1.91,3.7,3.9,1.91,34,3.7,3.49,4,3.83,2.02,1.96,32,1.65,1.59,2.45,2.33,20,0.25,2.24,2.14,1.76,1.73,3.77,3.95,1.94
N1,30/03/2019,Graafschap,Heracles,1,2,A,1,0,H,12,9,5,3,19,13,6,6,2,2,0,0,2.6,3.8,2.4,2.7,3.75,2.4,2.55,3.7,2.4,2.65,3.88,2.53,2.55,3.7,2.45,2.63,3.8,2.45,33,2.7,2.6,4,3.77,2.53,2.43,30,1.53,1.49,2.69,2.55,19,0.25,1.78,1.73,2.2,2.14,2.38,3.99,2.77
N1,30/03/2019,Heerenveen,Excelsior,1,0,H,0,0,D,13,17,5,5,8,8,9,7,0,2,0,0,1.57,4.33,5,1.65,4.25,4.75,1.57,4.2,4.7,1.62,4.43,5.15,1.57,4.2,5,1.6,4.4,5,33,1.65,1.6,4.52,4.32,5.2,4.87,30,1.51,1.47,2.76,2.62,21,-1,2.06,2,1.89,1.84,1.6,4.74,4.96
N1,30/03/2019,Willem II,For Sittard,3,2,H,1,1,D,15,8,6,4,11,15,9,5,1,5,0,1,1.61,4.2,4.75,1.62,4.5,4.75,1.57,4.35,4.7,1.6,4.97,4.77,1.57,4.6,4.6,1.6,4.4,5,33,1.67,1.59,4.98,4.56,5.05,4.7,31,1.48,1.44,2.86,2.68,20,-1,2.11,1.99,1.91,1.85,1.56,4.98,5.04
N1,31/03/2019,Ajax,PSV Eindhoven,3,1,H,1,0,H,16,11,7,3,9,16,4,8,3,2,1,0,1.66,4.2,4.5,1.67,4.33,4.5,1.65,4.1,4.35,1.68,4.45,4.62,1.63,4.2,4.5,1.67,4.3,4.6,34,1.7,1.66,4.45,4.23,4.7,4.45,31,1.55,1.49,2.75,2.57,21,-1,2.19,2.11,1.82,1.75,1.66,4.16,5.16
N1,31/03/2019,NAC Breda,VVV Venlo,1,1,D,0,1,A,13,13,5,3,10,18,6,6,3,3,1,0,2.6,3.3,2.62,2.65,3.5,2.6,2.55,3.25,2.6,2.7,3.39,2.7,2.62,3.25,2.62,2.6,3.4,2.7,34,2.7,2.61,3.5,3.34,2.75,2.63,32,2,1.92,1.95,1.88,19,-0.25,2.38,2.27,1.7,1.65,2.45,3.5,2.96
N1,31/03/2019,Utrecht,Feyenoord,3,2,H,1,0,H,12,15,5,4,11,11,4,5,0,0,0,0,3,3.5,2.25,3.1,3.8,2.15,2.9,3.65,2.15,3.15,3.81,2.21,3,3.7,2.15,3.1,3.75,2.15,33,3.15,2.98,3.83,3.7,2.28,2.18,30,1.58,1.54,2.55,2.42,18,0.25,1.98,1.91,1.98,1.92,2.92,3.91,2.31
N1,31/03/2019,Zwolle,FC Emmen,3,0,H,2,0,H,15,13,6,3,9,16,4,3,3,1,0,0,1.57,4,5.75,1.6,4.2,5.25,1.55,4.15,5.1,1.58,4.45,5.48,1.53,4.2,5.5,1.55,4.33,5.75,34,1.62,1.57,4.55,4.23,5.75,5.21,31,1.65,1.59,2.42,2.31,21,-1,2.05,1.97,1.95,1.88,1.63,4.1,5.52
N1,02/04/2019,Groningen,Graafschap,1,0,H,0,0,D,16,13,8,4,11,15,5,3,0,3,0,0,1.44,4.2,7.5,1.5,4.4,6.25,1.48,4.3,5.8,1.51,4.65,6.22,1.47,4.4,6,1.5,4.5,6.25,35,1.57,1.5,4.7,4.42,7.5,6.09,32,1.66,1.62,2.4,2.27,21,-1,1.85,1.82,2.1,2.04,1.57,4.38,5.75
N1,02/04/2019,Heracles,Willem II,3,4,A,0,1,A,14,14,5,8,16,9,5,2,2,2,0,0,2.37,3.6,2.75,2.35,3.75,2.8,2.25,3.6,2.8,2.43,3.7,2.86,2.35,3.5,2.75,2.45,3.6,2.75,35,2.45,2.35,3.85,3.63,3,2.82,32,1.56,1.52,2.65,2.47,19,-0.25,2.14,2.07,1.87,1.79,2.71,3.82,2.5
N1,02/04/2019,Vitesse,AZ Alkmaar,2,2,D,0,2,A,14,8,3,4,14,11,9,4,2,4,0,0,2.87,3.6,2.3,2.85,3.75,2.3,2.75,3.6,2.25,2.94,3.75,2.35,2.8,3.6,2.3,2.8,3.75,2.38,34,2.95,2.85,3.82,3.68,2.42,2.31,31,1.55,1.51,2.63,2.5,19,0.25,1.86,1.82,2.1,2.03,2.85,3.81,2.39
N1,03/04/2019,Excelsior,NAC Breda,1,2,A,1,0,H,14,22,5,12,11,12,5,9,0,0,0,0,2,3.5,3.6,1.95,3.7,3.75,1.95,3.55,3.55,2.01,3.76,3.71,1.95,3.6,3.6,2,3.7,3.6,34,2.05,1.98,3.8,3.62,3.8,3.59,33,1.75,1.71,2.21,2.12,18,-0.25,1.79,1.74,2.2,2.12,2.13,3.75,3.39
N1,03/04/2019,FC Emmen,Ajax,2,5,A,0,2,A,15,17,3,10,13,9,6,4,2,1,0,0,17,9,1.11,18.5,9.25,1.13,17,8.3,1.11,19.51,9.36,1.13,26,8.5,1.1,29,9,1.11,34,29,20.75,10.5,9.05,1.14,1.11,31,1.3,1.26,4.1,3.72,19,2.5,2,1.94,1.98,1.91,20.67,10.07,1.12
N1,03/04/2019,For Sittard,Den Haag,0,0,D,0,0,D,15,10,2,1,9,11,2,11,1,2,1,0,2.25,3.6,2.87,2.35,3.75,2.8,2.25,3.7,2.7,2.36,3.88,2.85,2.3,3.7,2.75,2.38,3.75,2.8,34,2.4,2.32,4,3.73,2.9,2.78,31,1.51,1.47,2.76,2.6,18,-0.25,2.1,2.03,1.86,1.82,2.23,3.99,3.02
N1,03/04/2019,VVV Venlo,Utrecht,2,6,A,2,1,H,13,21,5,8,8,8,2,5,0,0,0,0,3.6,3.6,1.95,3.6,3.7,2,3.5,3.55,1.95,3.7,3.75,2.02,3.6,3.6,1.95,3.6,3.7,2,33,3.9,3.58,3.8,3.64,2.05,1.98,32,1.75,1.69,2.25,2.14,17,0.25,2.2,2.12,1.78,1.74,4.5,4.02,1.78
N1,04/04/2019,Feyenoord,Heerenveen,3,0,H,1,0,H,24,7,9,1,5,8,4,4,1,3,0,0,1.33,5,9,1.36,5.25,8,1.35,5.2,7,1.36,5.17,8.87,1.33,5,8.5,1.33,5.5,8.5,34,1.4,1.35,5.75,5.17,9.05,8.01,31,1.4,1.35,3.35,3.09,20,-1.5,1.97,1.92,1.98,1.92,1.27,6.51,9.86
N1,04/04/2019,PSV Eindhoven,Zwolle,4,0,H,1,0,H,13,4,8,1,8,6,12,3,0,0,0,0,1.16,7.5,13,1.18,7.75,13.5,1.2,6.5,11,1.17,7.49,17.68,1.15,7,17,1.18,7.5,15,34,1.22,1.18,8.15,7.24,19,14.56,31,1.4,1.33,3.45,3.22,19,-2,1.95,1.88,2.04,1.97,1.18,7.55,15.18
N1,06/04/2019,Den Haag,Utrecht,5,0,H,3,0,H,12,16,6,4,2,8,6,2,0,1,0,0,3.4,4,1.9,3.75,3.8,1.91,3.55,3.75,1.87,3.75,3.93,1.95,3.7,3.75,1.88,3.7,3.9,1.9,34,3.85,3.64,4,3.79,1.98,1.91,30,1.62,1.55,2.55,2.4,18,0.75,1.77,1.72,2.21,2.16,3.99,4.37,1.8
N1,06/04/2019,Graafschap,AZ Alkmaar,1,1,D,0,0,D,9,8,3,4,14,9,2,4,2,2,0,0,5,4.33,1.57,5,4.6,1.57,4.8,4.3,1.57,5.04,4.45,1.63,5.25,4.2,1.55,5.25,4.5,1.57,34,5.25,4.97,4.65,4.39,1.69,1.58,31,1.5,1.44,2.85,2.69,17,1,1.97,1.91,2.01,1.94,5.24,4.66,1.58
N1,06/04/2019,Groningen,Excelsior,1,0,H,0,0,D,10,8,3,1,15,14,6,6,0,0,0,0,1.5,4,7,1.5,4.6,6,1.5,4.25,5.7,1.51,4.41,6.64,1.47,4.2,6.5,1.5,4.4,6.5,34,1.58,1.5,4.6,4.32,7,6.08,30,1.7,1.64,2.35,2.23,18,-1,1.9,1.83,2.07,2.03,1.58,4.09,6.18
N1,06/04/2019,Heracles,NAC Breda,1,0,H,0,0,D,21,6,5,0,10,9,6,2,2,2,0,0,1.66,4,4.75,1.72,3.9,4.75,1.67,4.05,4.25,1.73,4.22,4.52,1.67,4,4.5,1.73,4,4.6,34,1.83,1.7,4.3,3.97,5,4.5,30,1.55,1.49,2.7,2.54,18,-0.75,1.93,1.88,2.02,1.96,1.88,4.03,3.93
N1,06/04/2019,Willem II,Ajax,1,4,A,1,2,A,13,13,4,5,10,15,3,1,2,0,0,0,7.5,6.5,1.28,8.5,6.25,1.3,7.6,5.9,1.28,7.99,6.26,1.32,9,5.8,1.27,9,6.25,1.29,34,9.5,8.27,7.25,6.12,1.32,1.29,30,1.3,1.25,4.3,3.86,18,2,1.74,1.7,2.3,2.2,8.1,6.24,1.32
N1,07/04/2019,FC Emmen,Heerenveen,2,0,H,1,0,H,13,5,5,2,17,12,5,3,4,0,0,0,2.8,3.4,2.4,2.7,3.8,2.4,2.7,3.6,2.35,2.81,3.83,2.41,2.75,3.7,2.3,2.75,3.75,2.38,32,2.85,2.75,3.83,3.65,2.45,2.36,30,1.56,1.51,2.65,2.51,18,0.25,1.83,1.78,2.15,2.07,2.46,3.91,2.71
N1,07/04/2019,Vitesse,PSV Eindhoven,3,3,D,1,1,D,16,16,5,9,9,11,7,6,2,3,1,0,4.5,4,1.7,4.25,4,1.78,4.1,3.95,1.7,4.37,4.18,1.76,4.33,4,1.7,4.4,4.1,1.73,32,4.5,4.23,4.22,3.99,1.78,1.74,30,1.55,1.5,2.65,2.52,18,0.75,1.97,1.91,2,1.93,5.09,4.23,1.65
N1,07/04/2019,VVV Venlo,Feyenoord,0,3,A,0,1,A,15,15,3,9,6,10,6,3,0,2,0,0,6,4.33,1.5,5.25,4.5,1.57,5.1,4.4,1.53,5.77,4.56,1.55,5.8,4.4,1.5,5.75,4.6,1.53,32,6,5.4,4.8,4.5,1.57,1.53,30,1.51,1.47,2.8,2.62,18,1,2.04,1.99,1.91,1.86,7.33,5.11,1.41
N1,07/04/2019,Zwolle,For Sittard,5,0,H,1,0,H,19,3,10,0,14,7,8,1,1,1,0,1,1.57,4.2,5.25,1.57,4.6,5,1.57,4.4,4.7,1.61,4.49,5.19,1.57,4.33,5,1.6,4.5,5,32,1.61,1.58,4.75,4.49,5.25,4.88,32,1.45,1.41,3,2.81,18,-0.75,1.79,1.73,2.22,2.14,1.5,4.98,5.81
N1,12/04/2019,NAC Breda,FC Emmen,1,1,D,0,1,A,21,15,5,11,12,15,10,2,2,2,0,0,2.2,3.4,3.2,2.25,3.5,3.1,2.2,3.5,2.9,2.28,3.74,3.07,2.2,3.6,3,2.25,3.7,3,35,2.36,2.25,3.75,3.59,3.2,3.02,34,1.7,1.65,2.35,2.22,19,-0.25,2.02,1.97,1.92,1.87,2.29,3.69,3.09
N1,13/04/2019,Ajax,Excelsior,6,2,H,3,1,H,22,9,13,4,9,12,7,1,2,3,0,0,1.05,13,31,1.08,11,29,1.07,9.7,21,1.09,11.55,26.66,1.06,11,29,1.06,13,31,34,1.1,1.07,15.25,11.79,35,27.45,32,1.21,1.19,4.9,4.4,20,-3,2.08,2.01,1.9,1.85,1.06,15.39,33.66
N1,13/04/2019,AZ Alkmaar,Den Haag,2,3,A,0,1,A,36,11,11,5,6,6,6,4,1,1,0,0,1.25,5.75,11,1.26,6.25,10.5,1.25,5.8,8.9,1.27,6.15,10.43,1.24,5.8,11,1.25,6,12,35,1.32,1.26,6.75,6.03,12,10.12,33,1.41,1.37,3.3,3.02,21,-1.5,1.77,1.73,2.21,2.15,1.26,6.27,10.76
N1,13/04/2019,Feyenoord,Heracles,2,1,H,1,0,H,22,14,12,3,9,16,10,3,1,2,1,0,1.25,6.5,9,1.26,6.5,9.75,1.25,6.2,8.8,1.27,6.4,9.87,1.24,6,10,1.25,6.5,10.5,35,1.3,1.26,7.25,6.39,10.5,9.62,33,1.3,1.26,4,3.72,21,-2,2.14,2.05,1.85,1.8,1.24,6.9,10.69
N1,13/04/2019,For Sittard,VVV Venlo,1,1,D,1,0,H,13,15,5,3,14,17,5,10,2,1,0,0,2.37,3.4,2.9,2.3,3.6,2.95,2.25,3.6,2.8,2.41,3.67,2.91,2.3,3.6,2.8,2.38,3.6,2.88,35,2.46,2.33,3.85,3.63,2.95,2.84,32,1.55,1.51,2.65,2.51,19,-0.25,2.09,2.04,1.85,1.81,2.4,3.63,2.96
N1,14/04/2019,Heerenveen,Groningen,1,1,D,1,0,H,16,12,5,6,13,6,4,2,2,2,0,0,2.37,3.4,2.9,2.4,3.6,2.8,2.4,3.45,2.7,2.56,3.55,2.79,2.45,3.4,2.7,2.45,3.5,2.8,34,2.56,2.44,3.65,3.48,3.1,2.77,32,1.75,1.67,2.3,2.18,18,-0.25,2.2,2.14,1.8,1.73,3.01,3.43,2.45
N1,14/04/2019,PSV Eindhoven,Graafschap,2,1,H,0,1,A,26,5,10,1,10,25,9,3,2,1,0,0,1.07,11,23,1.09,11,26,1.09,9.1,18,1.11,10.66,22.39,1.07,9.5,29,1.08,11,29,33,1.12,1.09,12,10.49,31,23.51,31,1.22,1.2,4.85,4.37,17,-2.5,1.78,1.74,2.2,2.12,1.09,11.76,24.01
N1,14/04/2019,Utrecht,Vitesse,0,0,D,0,0,D,9,10,1,5,12,15,6,9,3,2,0,0,2.05,3.6,3.3,2.1,3.7,3.3,2.05,3.6,3.2,2.16,3.7,3.35,2.1,3.6,3.2,2.1,3.7,3.25,34,2.25,2.1,3.85,3.65,3.4,3.26,31,1.65,1.59,2.45,2.32,18,-0.25,1.89,1.84,2.06,2,2.27,3.67,3.15
N1,14/04/2019,Willem II,Zwolle,2,0,H,1,0,H,15,6,7,2,11,16,7,0,0,2,0,0,2,3.6,3.5,2,3.6,3.4,1.97,3.65,3.3,2.05,3.83,3.52,2,3.6,3.4,2,3.75,3.5,32,2.15,2.02,3.95,3.72,3.52,3.4,29,1.61,1.56,2.55,2.4,18,-0.25,1.8,1.77,2.15,2.08,2.15,3.7,3.38
N1,19/04/2019,Heracles,Heerenveen,2,1,H,1,1,D,11,19,7,10,10,11,9,9,0,0,0,0,1.95,3.75,3.5,1.95,4,3.5,1.97,3.85,3.15,2.03,4.13,3.36,2,3.9,3.2,2,4,3.4,34,2.1,2.01,4.15,3.94,3.5,3.26,33,1.45,1.41,3,2.81,18,-0.25,1.83,1.79,2.15,2.07,1.79,4.4,4
N1,20/04/2019,FC Emmen,Utrecht,2,0,H,2,0,H,10,13,7,5,23,15,6,2,3,3,0,0,3.8,3.6,1.9,3.9,3.8,1.9,3.7,3.8,1.83,4.06,3.78,1.91,3.9,3.7,1.83,3.8,3.8,1.9,34,4.06,3.85,4.05,3.77,1.94,1.87,31,1.6,1.53,2.6,2.43,18,0.75,1.8,1.74,2.16,2.11,3.41,3.68,2.14
N1,20/04/2019,Feyenoord,AZ Alkmaar,2,1,H,0,1,A,18,7,11,2,7,14,9,6,2,0,0,0,1.75,4.33,3.75,1.78,4.1,4.1,1.77,4,3.85,1.82,4.12,4.12,1.75,4,4,1.8,4.2,4,34,1.87,1.78,4.33,4.01,4.2,4,33,1.47,1.43,2.9,2.75,18,-1,2.38,2.34,1.66,1.62,1.83,4.14,4.06
N1,20/04/2019,Groningen,Ajax,0,1,A,0,0,D,12,16,2,5,12,7,4,6,4,3,0,1,8.5,6,1.28,9,5.75,1.3,7.6,5.6,1.3,8.86,5.96,1.31,9,5.5,1.29,9,6,1.3,34,9.5,8.26,6.25,5.79,1.35,1.31,32,1.35,1.32,3.55,3.29,19,1.5,2.1,2.04,1.85,1.81,9.14,6.5,1.28
N1,20/04/2019,Vitesse,Zwolle,4,1,H,1,1,D,10,11,5,3,8,8,8,5,0,2,1,0,1.6,4,5.25,1.62,4.1,5.25,1.57,4.15,5,1.6,4.48,5.26,1.55,4.2,5.25,1.57,4.3,5.5,32,1.63,1.59,4.48,4.2,5.5,5.14,29,1.64,1.6,2.41,2.3,19,-1,2.05,2.01,1.88,1.84,1.58,4.46,5.56
N1,20/04/2019,VVV Venlo,Graafschap,4,1,H,1,1,D,14,14,9,5,10,10,3,7,0,1,0,0,2.05,3.6,3.3,2.05,3.7,3.4,2.1,3.5,3.15,2.21,3.58,3.34,2.1,3.5,3.2,2.2,3.6,3.2,34,2.27,2.14,3.75,3.55,3.4,3.22,32,1.76,1.7,2.25,2.13,18,-0.25,1.95,1.89,2.01,1.95,2.44,3.6,2.91
N1,21/04/2019,Excelsior,Willem II,1,1,D,0,1,A,12,11,3,4,10,9,3,2,0,1,0,0,3.6,3.5,2,3.5,3.5,2.1,3.2,3.6,2.05,3.4,3.75,2.12,3.25,3.7,2.05,3.4,3.75,2.05,34,3.6,3.31,3.9,3.63,2.23,2.08,31,1.65,1.6,2.45,2.29,18,0.25,2.13,2.04,1.85,1.8,2.95,3.73,2.35
N1,21/04/2019,For Sittard,NAC Breda,2,1,H,1,0,H,19,18,5,3,5,9,6,4,1,0,0,0,2.1,3.75,3.1,2.05,3.8,3.3,2.05,3.6,3.15,2.12,3.74,3.42,2.05,3.7,3.2,2.05,3.8,3.3,34,2.17,2.1,3.9,3.65,3.42,3.23,31,1.6,1.56,2.5,2.38,18,-0.25,1.9,1.83,2.09,2.02,2.33,3.74,2.99
N1,21/04/2019,PSV Eindhoven,Den Haag,3,1,H,1,0,H,22,5,10,1,11,4,8,2,0,0,0,0,1.1,9,21,1.14,8.25,19.5,1.11,8.3,16.5,1.13,9.16,20.79,1.1,8.5,26,1.11,9,29,34,1.14,1.12,11.5,9.02,29,19.52,33,1.3,1.25,4.15,3.77,18,-2.5,1.95,1.91,2,1.94,1.12,10.18,20.03
N1,23/04/2019,Ajax,Vitesse,4,2,H,1,0,H,20,9,9,4,15,14,5,2,2,3,0,1,1.2,7,11,1.18,7.75,13.5,1.17,7.2,12.5,1.18,7.93,14.34,1.14,7.5,17,1.18,7.5,15,35,1.2,1.17,8.3,7.5,17,14.39,34,1.32,1.29,3.85,3.5,20,-2.5,2.3,2.19,1.75,1.71,1.16,8.7,15.27
N1,23/04/2019,AZ Alkmaar,Heracles,2,1,H,1,1,D,16,7,7,4,13,11,2,4,0,0,0,0,1.28,5.75,9,1.3,6.25,8.5,1.28,5.9,7.7,1.32,6.06,8.39,1.27,5.8,9,1.29,6,9.5,35,1.35,1.3,6.36,5.89,9.5,8.32,33,1.3,1.26,3.95,3.65,21,-1.5,1.81,1.76,2.17,2.11,1.33,6,8.04
N1,23/04/2019,Graafschap,FC Emmen,1,0,H,1,0,H,7,14,2,4,7,10,3,3,2,1,0,0,2.1,3.75,3.2,2.1,3.9,3.2,2.1,3.65,3,2.22,3.78,3.15,2.1,3.7,3.1,2.15,3.8,3.1,35,2.23,2.14,3.9,3.72,3.3,3.12,32,1.57,1.52,2.62,2.45,19,-0.5,2.21,2.15,1.78,1.73,2.35,3.64,3.02
N1,23/04/2019,Heerenveen,VVV Venlo,2,2,D,1,0,H,12,7,6,4,12,13,1,4,0,1,0,0,1.83,4,3.8,1.85,4.1,3.8,1.87,3.8,3.55,1.86,4.02,4.01,1.85,3.8,3.75,1.9,3.9,3.75,35,1.95,1.88,4.1,3.87,4.33,3.75,31,1.6,1.51,2.7,2.52,18,-0.75,2.2,2.13,1.84,1.75,1.81,4.29,4.04
N1,24/04/2019,NAC Breda,Feyenoord,0,4,A,0,2,A,5,27,1,5,6,6,1,8,0,0,0,0,7.5,5,1.36,8,5.25,1.36,6.3,4.7,1.41,8,4.87,1.41,7.5,4.75,1.38,7.5,5,1.4,34,8.8,7.28,5.25,4.92,1.45,1.39,31,1.55,1.48,2.7,2.58,20,1.5,1.82,1.75,2.23,2.12,6.31,5.2,1.45
N1,24/04/2019,Utrecht,For Sittard,2,1,H,1,1,D,23,16,6,3,11,10,11,4,0,2,0,0,1.36,5.25,7,1.34,5.5,8,1.36,5.1,6.7,1.37,5.25,8.06,1.35,5,7.5,1.36,5.25,8,34,1.4,1.37,5.5,5.15,8.2,7.36,32,1.41,1.37,3.25,3.01,20,-1.5,2.06,1.99,1.91,1.85,1.32,6.07,8.17
N1,25/04/2019,Den Haag,Excelsior,3,1,H,2,1,H,12,18,7,4,6,3,4,9,0,0,0,0,1.83,4,3.75,1.85,3.75,4.1,1.8,3.75,3.8,1.88,3.8,4.15,1.8,3.8,4,1.87,3.8,4,34,1.9,1.84,4,3.77,4.2,3.95,31,1.65,1.59,2.45,2.31,18,-0.5,1.9,1.85,2.06,2,2.25,3.85,3.05
N1,25/04/2019,Willem II,PSV Eindhoven,0,3,A,0,2,A,3,13,0,6,13,10,0,7,1,1,0,0,6,5.5,1.4,6.75,5,1.42,6,4.85,1.41,6.62,5.12,1.44,7,4.8,1.4,7,5.2,1.4,34,7,6.45,5.5,5.02,1.46,1.41,32,1.41,1.36,3.2,3.03,21,1.5,1.81,1.77,2.17,2.09,7.37,5.84,1.36
N1,29/04/2019,Zwolle,Groningen,3,2,H,0,1,A,16,16,5,4,13,9,6,4,3,0,0,0,2.25,3.6,2.9,2.3,3.6,3,2.25,3.4,2.95,2.33,3.6,3.07,2.25,3.5,3,2.3,3.5,3,34,2.4,2.3,3.65,3.49,3.15,2.97,32,1.85,1.76,2.13,2.05,17,-0.25,2.08,2,1.92,1.86,2.34,3.6,3.07
N1,12/05/2019,Ajax,Utrecht,4,1,H,2,1,H,25,11,12,4,8,9,5,4,1,4,0,0,1.12,8,19,1.17,7.75,14.5,1.17,7.2,12,1.18,7.18,14.7,1.14,7.5,17,1.15,8,17,34,1.19,1.16,8.5,7.69,19,14.08,31,1.3,1.24,4.3,3.86,19,-2.5,2.2,2.12,1.83,1.75,1.16,8.51,16.34
N1,12/05/2019,AZ Alkmaar,PSV Eindhoven,1,0,H,0,0,D,13,15,2,5,11,11,3,6,1,1,0,0,3.8,4,1.8,4,4.2,1.78,3.8,4.05,1.77,4.02,4.14,1.81,3.9,4,1.78,4,4.1,1.8,34,4.35,3.93,4.6,4.09,1.82,1.78,33,1.45,1.41,3,2.82,17,0.5,2.15,2.06,1.84,1.79,3.42,3.89,2.07
N1,12/05/2019,Feyenoord,Den Haag,0,2,A,0,1,A,29,12,7,5,5,14,10,7,0,0,0,0,1.16,7.5,13,1.18,7.75,13.5,1.18,6.9,11,1.19,7.3,12.5,1.17,7,15,1.18,7.5,15,34,1.21,1.18,8.5,7.32,15,12.49,31,1.3,1.25,4.2,3.79,20,-2,1.85,1.8,2.1,2.05,1.16,8.39,15.14
N1,12/05/2019,Groningen,For Sittard,3,0,H,1,0,H,16,14,7,3,8,6,3,2,0,0,0,0,1.45,4.5,6.5,1.48,4.5,6.75,1.45,4.5,5.9,1.46,4.69,6.59,1.42,4.4,7,1.45,4.6,7,34,1.55,1.46,4.9,4.53,7,6.33,31,1.55,1.51,2.65,2.49,20,-1,1.81,1.74,2.23,2.14,1.49,4.8,6.24
N1,12/05/2019,Heerenveen,NAC Breda,2,1,H,0,0,D,19,17,3,6,16,5,6,5,0,0,0,0,1.66,4,4.75,1.67,4.1,4.75,1.63,4.1,4.45,1.66,4.19,4.94,1.63,4,4.75,1.65,4.2,4.8,34,1.71,1.65,4.4,4.13,5,4.62,31,1.52,1.47,2.8,2.61,19,-1,2.12,2.09,1.85,1.77,1.69,4.33,4.64
N1,12/05/2019,Heracles,Excelsior,4,5,A,1,2,A,18,12,10,8,7,11,4,6,1,0,0,0,1.7,4.33,4,1.67,4,5,1.7,4.1,4.05,1.75,3.88,4.72,1.67,4,4.5,1.73,4.33,4.2,34,1.81,1.72,4.4,4.03,5,4.33,31,1.45,1.39,3.15,2.92,19,-1,2.29,2.21,1.75,1.69,2.12,3.85,3.34
N1,12/05/2019,Vitesse,Graafschap,6,1,H,2,0,H,20,11,9,3,10,7,9,10,1,1,0,0,1.33,5,8.5,1.4,5.25,6.75,1.36,4.95,6.9,1.38,5.12,7.76,1.35,5,7.5,1.36,5.25,8,34,1.42,1.37,5.5,5.09,8.5,7.36,32,1.5,1.45,2.85,2.68,20,-1.5,2.08,2.01,1.9,1.83,1.44,4.8,7.18
N1,12/05/2019,Willem II,FC Emmen,2,3,A,2,1,H,8,14,4,6,7,19,2,2,0,3,0,0,1.61,4.33,4.75,1.67,4.2,4.75,1.67,4.05,4.25,1.72,4.02,4.7,1.67,4,4.5,1.7,4.3,4.4,34,1.75,1.69,4.35,4.1,4.75,4.46,31,1.5,1.46,2.88,2.65,19,-1,2.21,2.16,1.76,1.72,1.93,3.69,4.12
N1,12/05/2019,Zwolle,VVV Venlo,2,4,A,1,0,H,11,13,6,8,13,8,5,3,0,1,0,0,1.7,3.8,4.75,1.78,3.9,4.33,1.7,4,4.15,1.73,4.4,4.21,1.7,4.2,4.2,1.73,4.2,4.33,34,1.78,1.73,4.4,4.08,4.75,4.18,31,1.57,1.52,2.6,2.46,18,-1,2.38,2.27,1.7,1.65,1.74,4.27,4.42
N1,15/05/2019,Den Haag,Willem II,6,2,H,1,1,D,24,13,8,7,13,16,6,5,1,3,0,1,3,3.6,2.25,2.8,3.75,2.35,2.75,3.65,2.25,2.93,3.9,2.27,2.8,3.6,2.3,2.88,3.8,2.3,38,3,2.81,3.9,3.67,2.4,2.3,34,1.5,1.45,2.83,2.63,18,0.25,1.88,1.83,2.08,2.02,2.91,4,2.28
N1,15/05/2019,Excelsior,AZ Alkmaar,4,2,H,1,1,D,13,19,9,4,8,7,2,9,1,1,0,0,5.5,4.75,1.5,5.5,5,1.5,4.95,4.55,1.53,5.31,4.69,1.55,5.25,4.5,1.52,5.4,4.8,1.53,38,5.8,5.26,5,4.66,1.56,1.52,36,1.4,1.35,3.3,3.04,21,1,2.08,2.02,1.88,1.83,5.37,5.13,1.52
N1,15/05/2019,FC Emmen,Groningen,1,0,H,1,0,H,15,9,7,4,7,8,6,3,1,0,0,0,4.2,3.8,1.75,4,3.9,1.85,3.85,3.75,1.8,3.94,4.08,1.85,3.8,3.8,1.83,4,3.9,1.83,39,4.2,3.92,4.08,3.81,1.9,1.83,34,1.65,1.59,2.41,2.29,20,0.5,2.07,2.01,1.9,1.84,3.5,3.79,2.07
N1,15/05/2019,For Sittard,Feyenoord,1,4,A,1,1,D,16,17,8,9,4,13,8,4,0,1,1,0,7,5.25,1.36,6.75,5.25,1.4,6.3,5.2,1.37,6.79,5.24,1.4,7,5.25,1.36,7.5,5.5,1.36,39,7.6,6.81,5.75,5.17,1.45,1.38,33,1.36,1.31,3.65,3.32,23,1.5,1.92,1.86,2.05,1.97,8.08,6.61,1.3
N1,15/05/2019,Graafschap,Ajax,1,4,A,1,2,A,11,16,3,9,8,6,2,6,1,0,0,0,17,13,1.08,21,11,1.1,15.5,8.9,1.11,17.48,10.32,1.11,26,9,1.08,26,10.5,1.09,37,26,18.56,13,9.96,1.13,1.1,34,1.18,1.16,5.5,4.83,19,2.5,2.17,2.08,1.81,1.77,23.85,13.41,1.08
N1,15/05/2019,NAC Breda,Zwolle,0,0,D,0,0,D,10,17,2,5,6,8,3,6,1,1,0,0,2.7,3.5,2.45,2.65,3.7,2.5,2.55,3.6,2.4,2.69,3.76,2.5,2.62,3.6,2.45,2.7,3.75,2.45,38,2.73,2.64,3.79,3.6,2.57,2.46,33,1.56,1.52,2.6,2.43,18,0,2.06,2.01,1.88,1.84,2.68,3.76,2.55
N1,15/05/2019,PSV Eindhoven,Heracles,3,1,H,1,1,D,22,6,8,4,7,8,8,2,1,1,0,0,1.14,7.5,17,1.2,7.5,12,1.2,6.9,9.7,1.19,7.75,12.04,1.17,7.5,13,1.18,8,13,39,1.25,1.19,8.25,7.28,18,11.76,31,1.22,1.19,4.85,4.33,20,-2,1.86,1.82,2.1,2.04,1.11,11.08,19.9
N1,15/05/2019,Utrecht,Heerenveen,3,1,H,1,1,D,16,11,9,5,14,12,5,1,0,0,0,0,1.57,4,5.5,1.62,4.25,5,1.57,4.35,4.6,1.61,4.41,5.07,1.6,4.33,4.8,1.62,4.5,4.8,39,1.65,1.6,4.7,4.35,5.5,4.81,33,1.41,1.36,3.25,2.99,22,-1,2.04,1.98,1.95,1.87,1.68,4.4,4.69
N1,15/05/2019,VVV Venlo,Vitesse,1,3,A,0,2,A,9,21,2,6,13,11,1,7,0,0,0,0,3.75,4,1.85,3.8,3.8,1.91,3.5,3.9,1.87,3.68,3.89,1.96,3.5,3.8,1.91,3.6,4,1.91,39,4,3.63,4.15,3.88,1.97,1.9,33,1.5,1.43,2.95,2.71,20,0.5,2,1.94,1.96,1.91,3.93,4.24,1.84
